genome_origin	qseqid	pident	length	evalue	bitscore	sseqid	stitle
573.10012	573.10012|accn|FWMR01000058_2|accn|FWMR01000058_2:8;size=1	100.0	42	1.47e-15	83.8	NZ_NBOK01000075.1	NZ_NBOK01000075.1 Klebsiella pneumoniae strain ARPG-340 map unlocalized plasmid unnamed29 contig75, whole genome shotgun sequence
573.10023	573.10023|accn|FWMZ01000003_1|accn|FWMZ01000003_1:44;size=1	100.0	32	8.54e-10	63.9	NZ_JABXPR010000005.1	NZ_JABXPR010000005.1 Citrobacter sp. RHBSTW-00671 plasmid pRHBSTW-00671_5, whole genome shotgun sequence
573.10075	573.10075|accn|FWPB01000024_2|accn|FWPB01000024_2:10;size=6	100.0	39	8.33e-14	77.8	NZ_JBRTYH010000002.1	NZ_JBRTYH010000002.1 Klebsiella pneumoniae strain KP6 plasmid pKP6-pls1, whole genome shotgun sequence
573.10075	573.10075|accn|FWPB01000024_2|accn|FWPB01000024_2:11;size=8	100.0	40	2.2e-14	79.8	NZ_NTGK01000110.1	NZ_NTGK01000110.1 Klebsiella pneumoniae strain B04 map unlocalized plasmid pB04 P51, whole genome shotgun sequence
573.10075	573.10075|accn|FWPB01000024_2|accn|FWPB01000024_2:13;size=8	100.0	38	3.14e-13	75.8	NZ_JBSKBN010000002.1	NZ_JBSKBN010000002.1 Klebsiella pneumoniae strain RC_863 plasmid unnamed1, whole genome shotgun sequence
573.10075	573.10075|accn|FWPB01000024_2|accn|FWPB01000024_2:14;size=10	100.0	37	1.18e-12	73.8	NZ_NTGK01000110.1	NZ_NTGK01000110.1 Klebsiella pneumoniae strain B04 map unlocalized plasmid pB04 P51, whole genome shotgun sequence
573.10075	573.10075|accn|FWPB01000024_2|accn|FWPB01000024_2:16;size=8	100.0	38	3.14e-13	75.8	NZ_JBSKBN010000002.1	NZ_JBSKBN010000002.1 Klebsiella pneumoniae strain RC_863 plasmid unnamed1, whole genome shotgun sequence
573.10075	573.10075|accn|FWPB01000024_2|accn|FWPB01000024_2:1;size=1	100.0	38	3.14e-13	75.8	NZ_JBLERO010000002.1	NZ_JBLERO010000002.1 Klebsiella pneumoniae strain A27857 plasmid p1_A27857, whole genome shotgun sequence
573.10075	573.10075|accn|FWPB01000024_2|accn|FWPB01000024_2:2;size=2	100.0	38	3.14e-13	75.8	NZ_JBLERO010000002.1	NZ_JBLERO010000002.1 Klebsiella pneumoniae strain A27857 plasmid p1_A27857, whole genome shotgun sequence
573.10075	573.10075|accn|FWPB01000024_2|accn|FWPB01000024_2:3;size=8	100.0	38	3.14e-13	75.8	NZ_JBSKBN010000002.1	NZ_JBSKBN010000002.1 Klebsiella pneumoniae strain RC_863 plasmid unnamed1, whole genome shotgun sequence
573.10075	573.10075|accn|FWPB01000024_2|accn|FWPB01000024_2:4;size=7	100.0	38	3.14e-13	75.8	NZ_JBRYYQ010000003.1	NZ_JBRYYQ010000003.1 Klebsiella pneumoniae strain MBI-24-2 plasmid pMBI24-2-1, whole genome shotgun sequence
573.10075	573.10075|accn|FWPB01000024_2|accn|FWPB01000024_2:5;size=5	100.0	38	3.14e-13	75.8	NZ_JBSKBN010000002.1	NZ_JBSKBN010000002.1 Klebsiella pneumoniae strain RC_863 plasmid unnamed1, whole genome shotgun sequence
573.10075	573.10075|accn|FWPB01000024_2|accn|FWPB01000024_2:6;size=1	100.0	38	3.14e-13	75.8	NZ_JBLERO010000002.1	NZ_JBLERO010000002.1 Klebsiella pneumoniae strain A27857 plasmid p1_A27857, whole genome shotgun sequence
573.10075	573.10075|accn|FWPB01000024_2|accn|FWPB01000024_2:7;size=6	100.0	38	3.14e-13	75.8	NZ_JBSKBN010000002.1	NZ_JBSKBN010000002.1 Klebsiella pneumoniae strain RC_863 plasmid unnamed1, whole genome shotgun sequence
573.10075	573.10075|accn|FWPB01000024_2|accn|FWPB01000024_2:8;size=1	100.0	33	2.31e-10	65.9	NZ_JBSKBN010000002.1	NZ_JBSKBN010000002.1 Klebsiella pneumoniae strain RC_863 plasmid unnamed1, whole genome shotgun sequence
573.10075	573.10075|accn|FWPB01000024_2|accn|FWPB01000024_2:9;size=8	100.0	38	3.14e-13	75.8	NZ_JBRTYH010000002.1	NZ_JBRTYH010000002.1 Klebsiella pneumoniae strain KP6 plasmid pKP6-pls1, whole genome shotgun sequence
573.10075	573.10075|accn|FWPB01000056_1|accn|FWPB01000056_1:12;size=8	100.0	43	3.88e-16	85.7	NZ_JBRYYQ010000003.1	NZ_JBRYYQ010000003.1 Klebsiella pneumoniae strain MBI-24-2 plasmid pMBI24-2-1, whole genome shotgun sequence
573.10075	573.10075|accn|FWPB01000056_1|accn|FWPB01000056_1:14;size=3	100.0	43	3.88e-16	85.7	NZ_JBRYYQ010000003.1	NZ_JBRYYQ010000003.1 Klebsiella pneumoniae strain MBI-24-2 plasmid pMBI24-2-1, whole genome shotgun sequence
573.10075	573.10075|accn|FWPB01000056_1|accn|FWPB01000056_1:15;size=4	100.0	44	1.02e-16	87.7	NZ_NBOM01000052.1	NZ_NBOM01000052.1 Klebsiella pneumoniae strain ARPG-379 map unlocalized plasmid unnamed4 contig52, whole genome shotgun sequence
573.10075	573.10075|accn|FWPB01000056_1|accn|FWPB01000056_1:17;size=19	100.0	43	3.88e-16	85.7	NZ_JBRTYI010000002.1	NZ_JBRTYI010000002.1 Klebsiella pneumoniae strain KP1 plasmid pKP1-rmpA2, whole genome shotgun sequence
573.10075	573.10075|accn|FWPB01000056_1|accn|FWPB01000056_1:18;size=4	100.0	43	3.88e-16	85.7	NZ_JBRYYQ010000003.1	NZ_JBRYYQ010000003.1 Klebsiella pneumoniae strain MBI-24-2 plasmid pMBI24-2-1, whole genome shotgun sequence
573.10075	573.10075|accn|FWPB01000056_1|accn|FWPB01000056_1:1;size=1	100.0	44	1.02e-16	87.7	NZ_JBSKBN010000002.1	NZ_JBSKBN010000002.1 Klebsiella pneumoniae strain RC_863 plasmid unnamed1, whole genome shotgun sequence
573.10075	573.10075|accn|FWPB01000056_1|accn|FWPB01000056_1:2;size=2	100.0	43	3.88e-16	85.7	NZ_JBSKBN010000002.1	NZ_JBSKBN010000002.1 Klebsiella pneumoniae strain RC_863 plasmid unnamed1, whole genome shotgun sequence
573.10075	573.10075|accn|FWPB01000056_1|accn|FWPB01000056_1:4;size=2	100.0	42	1.47e-15	83.8	NZ_JBRYYQ010000003.1	NZ_JBRYYQ010000003.1 Klebsiella pneumoniae strain MBI-24-2 plasmid pMBI24-2-1, whole genome shotgun sequence
573.10075	573.10075|accn|FWPB01000056_1|accn|FWPB01000056_1:7;size=5	100.0	43	3.88e-16	85.7	NZ_JBRYYQ010000003.1	NZ_JBRYYQ010000003.1 Klebsiella pneumoniae strain MBI-24-2 plasmid pMBI24-2-1, whole genome shotgun sequence
573.13199	573.13199|accn|573.13199.con.0029_1|accn|573.13199.con.0029_1:21;size=1	100.0	32	8.54e-10	63.9	NZ_JAMOLP010000004.1	NZ_JAMOLP010000004.1 Klebsiella pneumoniae strain Z0117KP0043 plasmid pZ0117KP0043-1, whole genome shotgun sequence
573.13199	573.13199|accn|573.13199.con.0029_1|accn|573.13199.con.0029_1:24;size=1	100.0	32	8.54e-10	63.9	NZ_JBRAVK010000003.1	NZ_JBRAVK010000003.1 Klebsiella quasipneumoniae strain 24AR0184 plasmid p24AR0184B, whole genome shotgun sequence
573.13199	573.13199|accn|573.13199.con.0029_1|accn|573.13199.con.0029_1:25;size=1	100.0	32	8.54e-10	63.9	NZ_JBSQHF010000002.1	NZ_JBSQHF010000002.1 Klebsiella pneumoniae strain L20 map unlocalized plasmid unnamed contig_3, whole genome shotgun sequence
573.13199	573.13199|accn|573.13199.con.0029_1|accn|573.13199.con.0029_1:34;size=1	100.0	29	5.27e-08	58.0	NZ_JAMOLP010000004.1	NZ_JAMOLP010000004.1 Klebsiella pneumoniae strain Z0117KP0043 plasmid pZ0117KP0043-1, whole genome shotgun sequence
573.13304	573.13304|accn|573.13304.con.0023_1|accn|573.13304.con.0023_1:11;size=1	100.0	32	8.54e-10	63.9	NZ_JBSMIZ010000002.1	NZ_JBSMIZ010000002.1 Klebsiella pneumoniae strain PS-71 plasmid p1, whole genome shotgun sequence
573.13304	573.13304|accn|573.13304.con.0023_1|accn|573.13304.con.0023_1:5;size=1	100.0	32	8.54e-10	63.9	NZ_JBSQHG010000002.1	NZ_JBSQHG010000002.1 Klebsiella grimontii strain L15 map unlocalized plasmid unnamed contig_2, whole genome shotgun sequence
573.13545	573.13545|accn|573.13545.con.0019_1|accn|573.13545.con.0019_1:16;size=1	100.0	32	8.54e-10	63.9	NZ_JBSMIZ010000005.1	NZ_JBSMIZ010000005.1 Klebsiella pneumoniae strain PS-71 plasmid p4, whole genome shotgun sequence
573.13545	573.13545|accn|573.13545.con.0019_1|accn|573.13545.con.0019_1:9;size=1	100.0	32	8.54e-10	63.9	NZ_JBRJPH010000003.1	NZ_JBRJPH010000003.1 Klebsiella aerogenes strain EB00136 plasmid p403_EB00136_3, whole genome shotgun sequence
573.13656	573.13656|accn|573.13656.con.0009_1|accn|573.13656.con.0009_1:26;size=1	100.0	32	8.54e-10	63.9	NZ_JBSMIZ010000002.1	NZ_JBSMIZ010000002.1 Klebsiella pneumoniae strain PS-71 plasmid p1, whole genome shotgun sequence
573.13656	573.13656|accn|573.13656.con.0009_1|accn|573.13656.con.0009_1:9;size=1	93.75	32	5.08e-05	48.1	NZ_JAMOLP010000004.1	NZ_JAMOLP010000004.1 Klebsiella pneumoniae strain Z0117KP0043 plasmid pZ0117KP0043-1, whole genome shotgun sequence
573.13745	573.13745|accn|573.13745.con.0030_1|accn|573.13745.con.0030_1:5;size=1	96.97	33	5.62e-08	58.0	NZ_JBSQHF010000002.1	NZ_JBSQHF010000002.1 Klebsiella pneumoniae strain L20 map unlocalized plasmid unnamed contig_3, whole genome shotgun sequence
573.13745	573.13745|accn|573.13745.con.0030_2|accn|573.13745.con.0030_2:12;size=1	96.552	29	1.37e-05	50.1	NZ_JANAVU010000004.1	NZ_JANAVU010000004.1 Klebsiella quasipneumoniae strain Kpn-96 map unlocalized plasmid pn-96 4, whole genome shotgun sequence
573.13853	573.13853|accn|573.13853.con.0004_1|accn|573.13853.con.0004_1:4;size=1	100.0	32	8.54e-10	63.9	NZ_JBSMIW010000004.1	NZ_JBSMIW010000004.1 Enterobacter roggenkampii strain SW-227 plasmid p3, whole genome shotgun sequence
573.13853	573.13853|accn|573.13853.con.0004_1|accn|573.13853.con.0004_1:52;size=1	100.0	32	8.54e-10	63.9	NZ_JBSMIZ010000002.1	NZ_JBSMIZ010000002.1 Klebsiella pneumoniae strain PS-71 plasmid p1, whole genome shotgun sequence
573.13853	573.13853|accn|573.13853.con.0004_1|accn|573.13853.con.0004_1:53;size=1	100.0	32	8.54e-10	63.9	NZ_JBSMIU010000003.1	NZ_JBSMIU010000003.1 Klebsiella quasivariicola strain SW-9 plasmid p2, whole genome shotgun sequence
573.14095	573.14095|accn|573.14095.con.0052_1|accn|573.14095.con.0052_1:12;size=1	90.244	41	2.4e-05	50.1	NZ_JARYHX010000005.1	NZ_JARYHX010000005.1 Staphylococcus aureus strain GE-MSSA39 plasmid unnamed3, whole genome shotgun sequence
573.14095	573.14095|accn|573.14095.con.0052_1|accn|573.14095.con.0052_1:13;size=2	88.889	45	2.91e-05	50.1	NZ_JBSJXU010000003.1	NZ_JBSJXU010000003.1 Enterococcus alishanensis strain JNUCC 77 plasmid unnamed2, whole genome shotgun sequence
573.14095	573.14095|accn|573.14095.con.0052_1|accn|573.14095.con.0052_1:6;size=1	87.755	49	2.91e-05	50.1	NZ_JACGYC010000002.1	NZ_JACGYC010000002.1 Staphylococcus aureus strain SA2028 map unlocalized plasmid unnamed NODE_2_length_578871_cov_33.101906, whole genome shotgun sequence
573.14095	573.14095|accn|573.14095.con.0052_1|accn|573.14095.con.0052_1:7;size=1	85.294	68	8.05e-07	56.0	NZ_JBSJXU010000003.1	NZ_JBSJXU010000003.1 Enterococcus alishanensis strain JNUCC 77 plasmid unnamed2, whole genome shotgun sequence
573.14095	573.14095|accn|573.14095.con.0052_1|accn|573.14095.con.0052_1:8;size=1	89.583	48	4.72e-07	56.0	NZ_SDWQ01000010.1	NZ_SDWQ01000010.1 Staphylococcus aureus strain SCPM-O-B-8476 map unlocalized plasmid unnamed NODE_10_length_4097_cov_135.559446, whole genome shotgun sequence
573.14169	573.14169|accn|573.14169.con.0011_1|accn|573.14169.con.0011_1:15;size=2	100.0	33	2.88e-10	65.9	NZ_JAMOLP010000004.1	NZ_JAMOLP010000004.1 Klebsiella pneumoniae strain Z0117KP0043 plasmid pZ0117KP0043-1, whole genome shotgun sequence
573.14169	573.14169|accn|573.14169.con.0011_1|accn|573.14169.con.0011_1:20;size=2	96.97	33	7.03e-08	58.0	NZ_JBPSJV010000002.1	NZ_JBPSJV010000002.1 Klebsiella variicola strain 5-4756 plasmid p_contig2, whole genome shotgun sequence
573.14169	573.14169|accn|573.14169.con.0011_1|accn|573.14169.con.0011_1:2;size=2	96.667	30	4.33e-06	52.0	NZ_JAMOLP010000004.1	NZ_JAMOLP010000004.1 Klebsiella pneumoniae strain Z0117KP0043 plasmid pZ0117KP0043-1, whole genome shotgun sequence
573.14169	573.14169|accn|573.14169.con.0011_1|accn|573.14169.con.0011_1:7;size=2	96.97	33	7.03e-08	58.0	NZ_QRAH01000112.1	NZ_QRAH01000112.1 Klebsiella pneumoniae strain KPN_KPC_HUG_07 map unlocalized plasmid p2 kpn07_p2_03, whole genome shotgun sequence
573.14215	573.14215|accn|573.14215.con.0052-1_1|accn|573.14215.con.0052-1_1:13;size=1	100.0	31	3.37e-09	61.9	NZ_JBSKBN010000002.1	NZ_JBSKBN010000002.1 Klebsiella pneumoniae strain RC_863 plasmid unnamed1, whole genome shotgun sequence
573.1421	573.1421|accn|CCGZ01000066_1|accn|CCGZ01000066_1:2;size=1	91.429	35	0.000281	46.1	NZ_JARYHW010000002.1	NZ_JARYHW010000002.1 Staphylococcus aureus strain IT-MSSA51 plasmid unnamed, whole genome shotgun sequence
573.1421	573.1421|accn|CCGZ01000066_1|accn|CCGZ01000066_1:35;size=1	90.0	50	3.91e-08	60.0	NZ_JARYIE010000002.1	NZ_JARYIE010000002.1 Staphylococcus aureus strain GE-MRSA14 plasmid unnamed, whole genome shotgun sequence
573.1421	573.1421|accn|CCGZ01000066_1|accn|CCGZ01000066_1:36;size=1	90.566	53	6.34e-10	65.9	NZ_JARYHX010000005.1	NZ_JARYHX010000005.1 Staphylococcus aureus strain GE-MSSA39 plasmid unnamed3, whole genome shotgun sequence
573.1421	573.1421|accn|CCGZ01000066_1|accn|CCGZ01000066_1:42;size=1	89.474	57	6.34e-10	65.9	NZ_JACGYC010000002.1	NZ_JACGYC010000002.1 Staphylococcus aureus strain SA2028 map unlocalized plasmid unnamed NODE_2_length_578871_cov_33.101906, whole genome shotgun sequence
573.14379	573.14379|accn|573.14379.con.0012_1|accn|573.14379.con.0012_1:6;size=1	100.0	33	2.31e-10	65.9	NZ_JBRAVJ010000005.1	NZ_JBRAVJ010000005.1 Enterobacter cloacae strain 20AR0121 plasmid p20AR0121D, whole genome shotgun sequence
573.1459	573.1459|accn|CCJC01000081_4|accn|CCJC01000081_4:4;size=6	87.302	63	1.06e-08	61.9	NZ_JARYHW010000002.1	NZ_JARYHW010000002.1 Staphylococcus aureus strain IT-MSSA51 plasmid unnamed, whole genome shotgun sequence
573.14962	573.14962|accn|NPHL01000040_1|accn|NPHL01000040_1:10;size=1	100.0	32	8.54e-10	63.9	NZ_JBRYYQ010000003.1	NZ_JBRYYQ010000003.1 Klebsiella pneumoniae strain MBI-24-2 plasmid pMBI24-2-1, whole genome shotgun sequence
573.14962	573.14962|accn|NPHL01000040_1|accn|NPHL01000040_1:8;size=1	100.0	32	8.54e-10	63.9	NZ_JBRYYQ010000003.1	NZ_JBRYYQ010000003.1 Klebsiella pneumoniae strain MBI-24-2 plasmid pMBI24-2-1, whole genome shotgun sequence
573.14962	573.14962|accn|NPHL01000040_1|accn|NPHL01000040_1:9;size=2	100.0	32	8.54e-10	63.9	NZ_JBRYYQ010000003.1	NZ_JBRYYQ010000003.1 Klebsiella pneumoniae strain MBI-24-2 plasmid pMBI24-2-1, whole genome shotgun sequence
573.15045	573.15045|accn|NIUJ01000058_1|accn|NIUJ01000058_1:13;size=1	100.0	32	8.54e-10	63.9	NZ_JBSPEX010000002.1	NZ_JBSPEX010000002.1 Enterobacter kobei strain 5FRT2 plasmid pT5FRT2, whole genome shotgun sequence
573.15479	573.15479|accn|573.15479.con.0015-2_3|accn|573.15479.con.0015-2_3:2;size=1	96.875	32	2.08e-07	56.0	NZ_JBRTYI010000005.1	NZ_JBRTYI010000005.1 Klebsiella pneumoniae strain KP1 plasmid pKP1-pls4, whole genome shotgun sequence
573.15533	573.15533|accn|573.15533.con.0002_1|accn|573.15533.con.0002_1:14;size=1	100.0	32	8.54e-10	63.9	NZ_JBSQHF010000002.1	NZ_JBSQHF010000002.1 Klebsiella pneumoniae strain L20 map unlocalized plasmid unnamed contig_3, whole genome shotgun sequence
573.15533	573.15533|accn|573.15533.con.0002_1|accn|573.15533.con.0002_1:8;size=1	100.0	32	8.54e-10	63.9	NZ_JAULSG010000020.1	NZ_JAULSG010000020.1 Klebsiella pneumoniae strain MNH_G2C5F plasmid unnamed1, whole genome shotgun sequence
573.15537	573.15537|accn|573.15537.con.0002_1|accn|573.15537.con.0002_1:10;size=1	96.875	32	2.08e-07	56.0	NZ_JBROXS010000002.1	NZ_JBROXS010000002.1 Klebsiella pneumoniae strain CRKP-C197 plasmid unnamed1, whole genome shotgun sequence
573.15537	573.15537|accn|573.15537.con.0002_1|accn|573.15537.con.0002_1:16;size=2	100.0	32	8.54e-10	63.9	NZ_JBSQHF010000002.1	NZ_JBSQHF010000002.1 Klebsiella pneumoniae strain L20 map unlocalized plasmid unnamed contig_3, whole genome shotgun sequence
573.15537	573.15537|accn|573.15537.con.0002_1|accn|573.15537.con.0002_1:17;size=1	93.333	30	0.000792	44.1	NZ_JBQOUF010000017.1	NZ_JBQOUF010000017.1 Enterobacter hormaechei strain NIB013 plasmid pR27 17, whole genome shotgun sequence
573.15575	573.15575|accn|573.15575.con.0025_1|accn|573.15575.con.0025_1:10;size=1	97.222	36	1.31e-09	63.9	NZ_JBNGOD010000008.1	NZ_JBNGOD010000008.1 Klebsiella pneumoniae subsp. pneumoniae strain MDCL 36_2022 plasmid IncHI1B(pNDM-MAR), whole genome shotgun sequence
573.15575	573.15575|accn|573.15575.con.0025_1|accn|573.15575.con.0025_1:12;size=1	100.0	35	1.66e-11	69.9	NZ_JBNGOD010000008.1	NZ_JBNGOD010000008.1 Klebsiella pneumoniae subsp. pneumoniae strain MDCL 36_2022 plasmid IncHI1B(pNDM-MAR), whole genome shotgun sequence
573.15575	573.15575|accn|573.15575.con.0025_1|accn|573.15575.con.0025_1:14;size=1	97.436	39	2.03e-11	69.9	NZ_JBSKBN010000002.1	NZ_JBSKBN010000002.1 Klebsiella pneumoniae strain RC_863 plasmid unnamed1, whole genome shotgun sequence
573.15575	573.15575|accn|573.15575.con.0025_2|accn|573.15575.con.0025_2:2;size=1	96.552	29	1.28e-05	50.1	NZ_JBRYYQ010000004.1	NZ_JBRYYQ010000004.1 Klebsiella pneumoniae strain MBI-24-2 plasmid pMBI24-2-3, whole genome shotgun sequence
573.15607	573.15607|accn|573.15607.con.0019_2|accn|573.15607.con.0019_2:10;size=1	100.0	32	8.54e-10	63.9	NZ_JBRZEX010000003.1	NZ_JBRZEX010000003.1 Klebsiella variicola strain MULT00103 plasmid pMULT00103_3, whole genome shotgun sequence
573.15607	573.15607|accn|573.15607.con.0019_2|accn|573.15607.con.0019_2:11;size=1	96.552	29	1.28e-05	50.1	NZ_JBQRBL010000005.1	NZ_JBQRBL010000005.1 Escherichia coli strain MMC-J-0020 plasmid unnamed4, whole genome shotgun sequence
573.15607	573.15607|accn|573.15607.con.0019_2|accn|573.15607.con.0019_2:8;size=2	100.0	32	8.54e-10	63.9	NZ_JBDIXN010000002.1	NZ_JBDIXN010000002.1 Klebsiella pneumoniae strain 808330-17 map unlocalized plasmid p1530 2, whole genome shotgun sequence
573.1639	573.1639|accn|KQ089394_1|accn|KQ089394_1:22;size=1	100.0	32	8.54e-10	63.9	NZ_JBSQHF010000002.1	NZ_JBSQHF010000002.1 Klebsiella pneumoniae strain L20 map unlocalized plasmid unnamed contig_3, whole genome shotgun sequence
573.1639	573.1639|accn|KQ089394_1|accn|KQ089394_1:2;size=1	96.552	29	1.28e-05	50.1	NZ_JANAVU010000004.1	NZ_JANAVU010000004.1 Klebsiella quasipneumoniae strain Kpn-96 map unlocalized plasmid pn-96 4, whole genome shotgun sequence
573.1657	573.1657|accn|KQ089570_1|accn|KQ089570_1:16;size=1	100.0	34	6.2e-11	67.9	NZ_JBSMIZ010000002.1	NZ_JBSMIZ010000002.1 Klebsiella pneumoniae strain PS-71 plasmid p1, whole genome shotgun sequence
573.1659	573.1659|accn|KQ089610_2|accn|KQ089610_2:11;size=1	96.774	31	8.77e-07	54.0	NZ_JAMOLP010000004.1	NZ_JAMOLP010000004.1 Klebsiella pneumoniae strain Z0117KP0043 plasmid pZ0117KP0043-1, whole genome shotgun sequence
573.1749	573.1749|accn|KQ236875_1|accn|KQ236875_1:23;size=1	96.875	32	2.08e-07	56.0	NZ_JAMYDH010000375.1	NZ_JAMYDH010000375.1 Enterobacter asburiae strain ECL402 map unlocalized plasmid unnamed233 contig1586, whole genome shotgun sequence
573.1749	573.1749|accn|KQ236875_1|accn|KQ236875_1:26;size=1	93.75	32	5.08e-05	48.1	NZ_JALJQH010000006.1	NZ_JALJQH010000006.1 Escherichia coli strain GN02165 map unlocalized plasmid unnamed1 000004Farrow, whole genome shotgun sequence
573.1749	573.1749|accn|KQ236875_1|accn|KQ236875_1:27;size=1	93.548	31	0.000201	46.1	NZ_JBREQR010000004.1	NZ_JBREQR010000004.1 Escherichia coli strain 401651 plasmid pE401651_55, whole genome shotgun sequence
573.1749	573.1749|accn|KQ236875_1|accn|KQ236875_1:30;size=1	96.875	32	2.08e-07	56.0	NZ_JAMOLP010000004.1	NZ_JAMOLP010000004.1 Klebsiella pneumoniae strain Z0117KP0043 plasmid pZ0117KP0043-1, whole genome shotgun sequence
573.1749	573.1749|accn|KQ236875_1|accn|KQ236875_1:32;size=1	100.0	32	8.54e-10	63.9	NZ_JBROXS010000002.1	NZ_JBROXS010000002.1 Klebsiella pneumoniae strain CRKP-C197 plasmid unnamed1, whole genome shotgun sequence
573.18511	573.18511|accn|QIWD01000002_1|accn|QIWD01000002_1:21;size=1	100.0	32	8.54e-10	63.9	NZ_JAMOLP010000004.1	NZ_JAMOLP010000004.1 Klebsiella pneumoniae strain Z0117KP0043 plasmid pZ0117KP0043-1, whole genome shotgun sequence
573.19899	573.19899|accn|QPAD01000006_1|accn|QPAD01000006_1:25;size=1	93.548	31	0.000214	46.1	NZ_PEHC01000013.1	NZ_PEHC01000013.1 Serratia marcescens strain 7209 map unlocalized plasmid p7209-171 tig00000151, whole genome shotgun sequence
573.19899	573.19899|accn|QPAD01000006_1|accn|QPAD01000006_1:49;size=1	96.97	33	5.62e-08	58.0	NZ_JAMOLP010000004.1	NZ_JAMOLP010000004.1 Klebsiella pneumoniae strain Z0117KP0043 plasmid pZ0117KP0043-1, whole genome shotgun sequence
573.20071	573.20071|accn|AP018748_3|accn|AP018748_3:10;size=3	100.0	36	4.44e-12	71.9	NZ_JBRYYQ010000003.1	NZ_JBRYYQ010000003.1 Klebsiella pneumoniae strain MBI-24-2 plasmid pMBI24-2-1, whole genome shotgun sequence
573.20071	573.20071|accn|AP018748_3|accn|AP018748_3:1;size=3	100.0	36	4.44e-12	71.9	NZ_JBRYYQ010000003.1	NZ_JBRYYQ010000003.1 Klebsiella pneumoniae strain MBI-24-2 plasmid pMBI24-2-1, whole genome shotgun sequence
573.20071	573.20071|accn|AP018748_3|accn|AP018748_3:5;size=5	100.0	36	4.44e-12	71.9	NZ_JBRYYQ010000003.1	NZ_JBRYYQ010000003.1 Klebsiella pneumoniae strain MBI-24-2 plasmid pMBI24-2-1, whole genome shotgun sequence
573.20071	573.20071|accn|AP018748_3|accn|AP018748_3:6;size=5	100.0	36	4.44e-12	71.9	NZ_JBRYYQ010000003.1	NZ_JBRYYQ010000003.1 Klebsiella pneumoniae strain MBI-24-2 plasmid pMBI24-2-1, whole genome shotgun sequence
573.20071	573.20071|accn|AP018748_4|accn|AP018748_4:23;size=2	100.0	42	1.53e-15	83.8	NZ_JBRYHH010000001.1	NZ_JBRYHH010000001.1 Klebsiella pneumoniae strain KP4 plasmid pKP4_p1, whole genome shotgun sequence
573.20115	573.20115|accn|UGKN01000001_1|accn|UGKN01000001_1:12;size=1	93.939	33	1.37e-05	50.1	NZ_JBROXS010000002.1	NZ_JBROXS010000002.1 Klebsiella pneumoniae strain CRKP-C197 plasmid unnamed1, whole genome shotgun sequence
573.20115	573.20115|accn|UGKN01000001_1|accn|UGKN01000001_1:16;size=1	93.939	33	1.37e-05	50.1	NZ_JAMOLP010000004.1	NZ_JAMOLP010000004.1 Klebsiella pneumoniae strain Z0117KP0043 plasmid pZ0117KP0043-1, whole genome shotgun sequence
573.20115	573.20115|accn|UGKN01000001_1|accn|UGKN01000001_1:2;size=2	96.296	27	0.000214	46.1	NZ_JAMYDH010000375.1	NZ_JAMYDH010000375.1 Enterobacter asburiae strain ECL402 map unlocalized plasmid unnamed233 contig1586, whole genome shotgun sequence
573.20132	573.20132|accn|UGLD01000001_2|accn|UGLD01000001_2:22;size=1	93.939	33	1.37e-05	50.1	NZ_JAMOLP010000004.1	NZ_JAMOLP010000004.1 Klebsiella pneumoniae strain Z0117KP0043 plasmid pZ0117KP0043-1, whole genome shotgun sequence
573.20132	573.20132|accn|UGLD01000001_2|accn|UGLD01000001_2:27;size=1	97.059	34	1.51e-08	60.0	NZ_JANAVU010000004.1	NZ_JANAVU010000004.1 Klebsiella quasipneumoniae strain Kpn-96 map unlocalized plasmid pn-96 4, whole genome shotgun sequence
573.20132	573.20132|accn|UGLD01000001_2|accn|UGLD01000001_2:3;size=1	100.0	33	2.31e-10	65.9	NZ_JAMJQY010000002.1	NZ_JAMJQY010000002.1 Klebsiella pneumoniae strain UCO-361 plasmid pNDM-1_UCO-361, whole genome shotgun sequence
573.20132	573.20132|accn|UGLD01000001_2|accn|UGLD01000001_2:4;size=1	96.97	33	5.62e-08	58.0	NZ_JBROXS010000002.1	NZ_JBROXS010000002.1 Klebsiella pneumoniae strain CRKP-C197 plasmid unnamed1, whole genome shotgun sequence
573.20143	573.20143|accn|UGLO01000001_1|accn|UGLO01000001_1:14;size=1	100.0	28	2.08e-07	56.0	NZ_JBSPDI010000003.1	NZ_JBSPDI010000003.1 Escherichia coli strain EC600_TC_NKI plasmid pEC600_NDM_KPC, whole genome shotgun sequence
573.20193	573.20193|accn|UFAN01000001_1|accn|UFAN01000001_1:11;size=3	87.85	107	1.0300000000000001e-22	109.0	NZ_JBSJXU010000003.1	NZ_JBSJXU010000003.1 Enterococcus alishanensis strain JNUCC 77 plasmid unnamed2, whole genome shotgun sequence
573.20193	573.20193|accn|UFAN01000001_1|accn|UFAN01000001_1:14;size=6	89.535	86	8.16e-20	99.6	NZ_JARYIA010000006.1	NZ_JARYIA010000006.1 Staphylococcus aureus strain GE-MSSA34 plasmid unnamed2, whole genome shotgun sequence
573.20193	573.20193|accn|UFAN01000001_1|accn|UFAN01000001_1:16;size=3	87.5	80	7.57e-14	79.8	NZ_JACGYC010000002.1	NZ_JACGYC010000002.1 Staphylococcus aureus strain SA2028 map unlocalized plasmid unnamed NODE_2_length_578871_cov_33.101906, whole genome shotgun sequence
573.20193	573.20193|accn|UFAN01000001_1|accn|UFAN01000001_1:17;size=4	85.915	71	1.37e-08	61.9	NZ_JARYHW010000002.1	NZ_JARYHW010000002.1 Staphylococcus aureus strain IT-MSSA51 plasmid unnamed, whole genome shotgun sequence
573.20193	573.20193|accn|UFAN01000001_1|accn|UFAN01000001_1:18;size=2	88.333	60	2.45e-09	63.9	NZ_JBSJXU010000003.1	NZ_JBSJXU010000003.1 Enterococcus alishanensis strain JNUCC 77 plasmid unnamed2, whole genome shotgun sequence
573.20193	573.20193|accn|UFAN01000001_1|accn|UFAN01000001_1:25;size=1	88.679	53	1.51e-07	58.0	NZ_JACGYC010000002.1	NZ_JACGYC010000002.1 Staphylococcus aureus strain SA2028 map unlocalized plasmid unnamed NODE_2_length_578871_cov_33.101906, whole genome shotgun sequence
573.20193	573.20193|accn|UFAN01000001_1|accn|UFAN01000001_1:26;size=2	85.915	71	1.37e-08	61.9	NZ_SDWQ01000010.1	NZ_SDWQ01000010.1 Staphylococcus aureus strain SCPM-O-B-8476 map unlocalized plasmid unnamed NODE_10_length_4097_cov_135.559446, whole genome shotgun sequence
573.20193	573.20193|accn|UFAN01000001_1|accn|UFAN01000001_1:27;size=1	88.235	68	1.42e-11	71.9	NZ_JBSJXU010000003.1	NZ_JBSJXU010000003.1 Enterococcus alishanensis strain JNUCC 77 plasmid unnamed2, whole genome shotgun sequence
573.20193	573.20193|accn|UFAN01000001_1|accn|UFAN01000001_1:5;size=5	85.246	122	1.18e-19	99.6	NZ_JBSJXU010000003.1	NZ_JBSJXU010000003.1 Enterococcus alishanensis strain JNUCC 77 plasmid unnamed2, whole genome shotgun sequence
573.20193	573.20193|accn|UFAN01000001_1|accn|UFAN01000001_1:7;size=4	85.714	98	6.26e-15	83.8	NZ_JBSJXU010000003.1	NZ_JBSJXU010000003.1 Enterococcus alishanensis strain JNUCC 77 plasmid unnamed2, whole genome shotgun sequence
573.20193	573.20193|accn|UFAN01000001_1|accn|UFAN01000001_1:9;size=3	86.538	104	1.55e-18	95.6	NZ_JBFRBT010000181.1	NZ_JBFRBT010000181.1 Staphylococcus aureus strain SA_D1S_OM_E map unlocalized plasmid unnamed2 k141_202, whole genome shotgun sequence
573.20287	573.20287|accn|UFDU01000004_3|accn|UFDU01000004_3:5;size=1	90.741	54	1.6e-10	67.9	NZ_JBSJXU010000003.1	NZ_JBSJXU010000003.1 Enterococcus alishanensis strain JNUCC 77 plasmid unnamed2, whole genome shotgun sequence
573.20308	573.20308|accn|UFEK01000035_1|accn|UFEK01000035_1:8;size=1	100.0	33	2.31e-10	65.9	NZ_JAMOLP010000004.1	NZ_JAMOLP010000004.1 Klebsiella pneumoniae strain Z0117KP0043 plasmid pZ0117KP0043-1, whole genome shotgun sequence
573.20347	573.20347|accn|UFGF01000001_1|accn|UFGF01000001_1:5;size=1	100.0	33	2.31e-10	65.9	NZ_JBSQHF010000002.1	NZ_JBSQHF010000002.1 Klebsiella pneumoniae strain L20 map unlocalized plasmid unnamed contig_3, whole genome shotgun sequence
573.20347	573.20347|accn|UFGF01000001_1|accn|UFGF01000001_1:7;size=1	96.97	33	5.62e-08	58.0	NZ_JBSDRT010000004.1	NZ_JBSDRT010000004.1 Klebsiella pneumoniae strain Kpn_54H plasmid p3, whole genome shotgun sequence
573.20347	573.20347|accn|UFGF01000001_2|accn|UFGF01000001_2:6;size=1	93.333	30	0.000845	44.1	NZ_JBRAWZ010000002.1	NZ_JBRAWZ010000002.1 Enterobacter kobei strain 23AR0093 plasmid p23AR0093A, whole genome shotgun sequence
573.20347	573.20347|accn|UFGF01000001_2|accn|UFGF01000001_2:7;size=1	100.0	33	2.31e-10	65.9	NZ_JBSDRT010000004.1	NZ_JBSDRT010000004.1 Klebsiella pneumoniae strain Kpn_54H plasmid p3, whole genome shotgun sequence
573.20481	573.20481|accn|UISU01000001_2|accn|UISU01000001_2:16;size=1	100.0	33	2.31e-10	65.9	NZ_JAMOLP010000004.1	NZ_JAMOLP010000004.1 Klebsiella pneumoniae strain Z0117KP0043 plasmid pZ0117KP0043-1, whole genome shotgun sequence
573.20481	573.20481|accn|UISU01000001_2|accn|UISU01000001_2:25;size=1	100.0	33	2.31e-10	65.9	NZ_JAMOLP010000004.1	NZ_JAMOLP010000004.1 Klebsiella pneumoniae strain Z0117KP0043 plasmid pZ0117KP0043-1, whole genome shotgun sequence
573.20563	573.20563|accn|UIVY01000004_1|accn|UIVY01000004_1:12;size=1	91.228	57	2.78e-12	73.8	NZ_JBSJXU010000003.1	NZ_JBSJXU010000003.1 Enterococcus alishanensis strain JNUCC 77 plasmid unnamed2, whole genome shotgun sequence
573.20563	573.20563|accn|UIVY01000004_1|accn|UIVY01000004_1:13;size=1	88.462	78	3.99e-15	83.8	NZ_JBSJXU010000003.1	NZ_JBSJXU010000003.1 Enterococcus alishanensis strain JNUCC 77 plasmid unnamed2, whole genome shotgun sequence
573.20563	573.20563|accn|UIVY01000004_1|accn|UIVY01000004_1:16;size=1	86.154	65	1.65e-07	58.0	NZ_JBSJXU010000003.1	NZ_JBSJXU010000003.1 Enterococcus alishanensis strain JNUCC 77 plasmid unnamed2, whole genome shotgun sequence
573.20563	573.20563|accn|UIVY01000004_1|accn|UIVY01000004_1:1;size=2	85.577	104	3.93e-16	87.7	NZ_JBSJXU010000003.1	NZ_JBSJXU010000003.1 Enterococcus alishanensis strain JNUCC 77 plasmid unnamed2, whole genome shotgun sequence
573.20563	573.20563|accn|UIVY01000004_1|accn|UIVY01000004_1:20;size=1	89.831	59	4.34e-11	69.9	NZ_JARYHX010000005.1	NZ_JARYHX010000005.1 Staphylococcus aureus strain GE-MSSA39 plasmid unnamed3, whole genome shotgun sequence
573.20563	573.20563|accn|UIVY01000004_1|accn|UIVY01000004_1:3;size=2	85.455	110	2.52e-17	91.7	NZ_JBSJXU010000003.1	NZ_JBSJXU010000003.1 Enterococcus alishanensis strain JNUCC 77 plasmid unnamed2, whole genome shotgun sequence
573.20563	573.20563|accn|UIVY01000004_1|accn|UIVY01000004_1:5;size=2	85.542	83	6e-11	69.9	NZ_SDWQ01000010.1	NZ_SDWQ01000010.1 Staphylococcus aureus strain SCPM-O-B-8476 map unlocalized plasmid unnamed NODE_10_length_4097_cov_135.559446, whole genome shotgun sequence
573.20563	573.20563|accn|UIVY01000004_1|accn|UIVY01000004_1:6;size=1	90.323	62	7.03e-13	75.8	NZ_JBSJXU010000003.1	NZ_JBSJXU010000003.1 Enterococcus alishanensis strain JNUCC 77 plasmid unnamed2, whole genome shotgun sequence
573.20687	573.20687|accn|UJAT01000004_1|accn|UJAT01000004_1:11;size=1	90.0	60	1.28e-11	71.9	NZ_JARYIE010000002.1	NZ_JARYIE010000002.1 Staphylococcus aureus strain GE-MRSA14 plasmid unnamed, whole genome shotgun sequence
573.20687	573.20687|accn|UJAT01000004_1|accn|UJAT01000004_1:12;size=1	85.542	83	6.18e-11	69.9	NZ_JARYIA010000006.1	NZ_JARYIA010000006.1 Staphylococcus aureus strain GE-MSSA34 plasmid unnamed2, whole genome shotgun sequence
573.20687	573.20687|accn|UJAT01000004_1|accn|UJAT01000004_1:13;size=1	90.476	42	6.72e-06	52.0	NZ_JBSJXU010000003.1	NZ_JBSJXU010000003.1 Enterococcus alishanensis strain JNUCC 77 plasmid unnamed2, whole genome shotgun sequence
573.20687	573.20687|accn|UJAT01000004_1|accn|UJAT01000004_1:14;size=1	89.796	49	1.09e-07	58.0	NZ_JBSJXU010000003.1	NZ_JBSJXU010000003.1 Enterococcus alishanensis strain JNUCC 77 plasmid unnamed2, whole genome shotgun sequence
573.20687	573.20687|accn|UJAT01000004_1|accn|UJAT01000004_1:1;size=3	87.179	78	1e-12	75.8	NZ_JACGYD010000002.1	NZ_JACGYD010000002.1 Staphylococcus aureus strain SA2010 map unlocalized plasmid unnamed1 NODE_2_length_467021_cov_38.538977, whole genome shotgun sequence
573.20687	573.20687|accn|UJAT01000004_1|accn|UJAT01000004_1:20;size=1	87.5	48	0.000105	48.1	NZ_JARYHW010000002.1	NZ_JARYHW010000002.1 Staphylococcus aureus strain IT-MSSA51 plasmid unnamed, whole genome shotgun sequence
573.20687	573.20687|accn|UJAT01000004_1|accn|UJAT01000004_1:24;size=1	93.617	47	2.86e-11	69.9	NZ_JBSJXU010000003.1	NZ_JBSJXU010000003.1 Enterococcus alishanensis strain JNUCC 77 plasmid unnamed2, whole genome shotgun sequence
573.20687	573.20687|accn|UJAT01000004_1|accn|UJAT01000004_1:30;size=1	88.889	45	3.17e-05	50.1	NZ_JBSJXU010000003.1	NZ_JBSJXU010000003.1 Enterococcus alishanensis strain JNUCC 77 plasmid unnamed2, whole genome shotgun sequence
573.20687	573.20687|accn|UJAT01000004_1|accn|UJAT01000004_1:3;size=2	88.235	85	6.66e-17	89.7	NZ_JBSJXU010000003.1	NZ_JBSJXU010000003.1 Enterococcus alishanensis strain JNUCC 77 plasmid unnamed2, whole genome shotgun sequence
573.20687	573.20687|accn|UJAT01000004_1|accn|UJAT01000004_1:4;size=1	89.744	78	1.69e-17	91.7	NZ_SDWQ01000010.1	NZ_SDWQ01000010.1 Staphylococcus aureus strain SCPM-O-B-8476 map unlocalized plasmid unnamed NODE_10_length_4097_cov_135.559446, whole genome shotgun sequence
573.20687	573.20687|accn|UJAT01000004_1|accn|UJAT01000004_1:5;size=1	88.333	60	2.79e-09	63.9	NZ_SDWQ01000010.1	NZ_SDWQ01000010.1 Staphylococcus aureus strain SCPM-O-B-8476 map unlocalized plasmid unnamed NODE_10_length_4097_cov_135.559446, whole genome shotgun sequence
573.20775	573.20775|accn|UJEN01000001_3|accn|UJEN01000001_3:18;size=1	96.875	32	2.08e-07	56.0	NZ_JAMOLP010000004.1	NZ_JAMOLP010000004.1 Klebsiella pneumoniae strain Z0117KP0043 plasmid pZ0117KP0043-1, whole genome shotgun sequence
573.20775	573.20775|accn|UJEN01000001_3|accn|UJEN01000001_3:9;size=1	100.0	31	3.37e-09	61.9	NZ_JBRYHH010000001.1	NZ_JBRYHH010000001.1 Klebsiella pneumoniae strain KP4 plasmid pKP4_p1, whole genome shotgun sequence
573.20775	573.20775|accn|UJEN01000003_2|accn|UJEN01000003_2:21;size=2	96.667	30	3.47e-06	52.0	NZ_JBLETG010000011.1	NZ_JBLETG010000011.1 Enterobacter hormaechei strain A26535 plasmid p3_A26535, whole genome shotgun sequence
573.20775	573.20775|accn|UJEN01000003_2|accn|UJEN01000003_2:7;size=2	96.667	30	3.47e-06	52.0	NZ_JAMOLP010000004.1	NZ_JAMOLP010000004.1 Klebsiella pneumoniae strain Z0117KP0043 plasmid pZ0117KP0043-1, whole genome shotgun sequence
573.20999	573.20999|accn|UJMV01000001_1|accn|UJMV01000001_1:6;size=2	100.0	33	2.31e-10	65.9	NZ_JBSQHF010000002.1	NZ_JBSQHF010000002.1 Klebsiella pneumoniae strain L20 map unlocalized plasmid unnamed contig_3, whole genome shotgun sequence
573.20999	573.20999|accn|UJMV01000001_2|accn|UJMV01000001_2:16;size=1	100.0	33	2.31e-10	65.9	NZ_JASISD010000003.1	NZ_JASISD010000003.1 Klebsiella pneumoniae strain CS00367 plasmid p1_CS00367, whole genome shotgun sequence
573.20999	573.20999|accn|UJMV01000001_2|accn|UJMV01000001_2:24;size=1	100.0	29	5.62e-08	58.0	NZ_JBROXS010000002.1	NZ_JBROXS010000002.1 Klebsiella pneumoniae strain CRKP-C197 plasmid unnamed1, whole genome shotgun sequence
573.20999	573.20999|accn|UJMV01000001_2|accn|UJMV01000001_2:26;size=1	96.552	29	1.37e-05	50.1	NZ_JBFCOO010000492.1	NZ_JBFCOO010000492.1 Enterobacter cloacae subsp. cloacae strain SDEclo754 plasmid p1_SDEclo754_OXA-181, whole genome shotgun sequence
573.20999	573.20999|accn|UJMV01000001_2|accn|UJMV01000001_2:9;size=1	93.548	31	0.000214	46.1	NZ_JAMYDH010000375.1	NZ_JAMYDH010000375.1 Enterobacter asburiae strain ECL402 map unlocalized plasmid unnamed233 contig1586, whole genome shotgun sequence
573.21094	573.21094|accn|UJQM01000007_1|accn|UJQM01000007_1:35;size=1	100.0	32	8.54e-10	63.9	NZ_JBSMIZ010000002.1	NZ_JBSMIZ010000002.1 Klebsiella pneumoniae strain PS-71 plasmid p1, whole genome shotgun sequence
573.21134	573.21134|accn|UJSA01000003_1|accn|UJSA01000003_1:6;size=1	100.0	33	2.31e-10	65.9	NZ_JBSMIU010000002.1	NZ_JBSMIU010000002.1 Klebsiella quasivariicola strain SW-9 plasmid p1, whole genome shotgun sequence
573.21145	573.21145|accn|UJSJ01000037_1|accn|UJSJ01000037_1:2;size=1	91.429	35	0.000267	46.1	NZ_JARYIA010000006.1	NZ_JARYIA010000006.1 Staphylococcus aureus strain GE-MSSA34 plasmid unnamed2, whole genome shotgun sequence
573.21265	573.21265|accn|UJWX01000003_1|accn|UJWX01000003_1:34;size=2	87.692	65	7.06e-10	65.9	NZ_SDWQ01000010.1	NZ_SDWQ01000010.1 Staphylococcus aureus strain SCPM-O-B-8476 map unlocalized plasmid unnamed NODE_10_length_4097_cov_135.559446, whole genome shotgun sequence
573.21265	573.21265|accn|UJWX01000003_1|accn|UJWX01000003_1:36;size=1	90.909	44	4.3e-07	56.0	NZ_JARYHW010000002.1	NZ_JARYHW010000002.1 Staphylococcus aureus strain IT-MSSA51 plasmid unnamed, whole genome shotgun sequence
573.21409	573.21409|accn|UKFB01000001_2|accn|UKFB01000001_2:4;size=1	100.0	33	2.31e-10	65.9	NZ_JADRUR020000003.1	NZ_JADRUR020000003.1 Klebsiella pasteurii strain KLO00002 plasmid p384_KLO00002_3, whole genome shotgun sequence
573.21448	573.21448|accn|UKGP01000003_1|accn|UKGP01000003_1:10;size=1	96.875	32	2.08e-07	56.0	NZ_JAMOLP010000004.1	NZ_JAMOLP010000004.1 Klebsiella pneumoniae strain Z0117KP0043 plasmid pZ0117KP0043-1, whole genome shotgun sequence
573.21448	573.21448|accn|UKGP01000003_1|accn|UKGP01000003_1:1;size=3	100.0	32	8.54e-10	63.9	NZ_JBSQHF010000002.1	NZ_JBSQHF010000002.1 Klebsiella pneumoniae strain L20 map unlocalized plasmid unnamed contig_3, whole genome shotgun sequence
573.21448	573.21448|accn|UKGP01000003_1|accn|UKGP01000003_1:29;size=1	100.0	32	8.54e-10	63.9	NZ_JBSQHF010000002.1	NZ_JBSQHF010000002.1 Klebsiella pneumoniae strain L20 map unlocalized plasmid unnamed contig_3, whole genome shotgun sequence
573.21448	573.21448|accn|UKGP01000003_1|accn|UKGP01000003_1:41;size=2	93.75	32	5.08e-05	48.1	NZ_JAMOLP010000004.1	NZ_JAMOLP010000004.1 Klebsiella pneumoniae strain Z0117KP0043 plasmid pZ0117KP0043-1, whole genome shotgun sequence
573.21448	573.21448|accn|UKGP01000003_1|accn|UKGP01000003_1:4;size=1	93.939	33	1.37e-05	50.1	NZ_JAMOLP010000004.1	NZ_JAMOLP010000004.1 Klebsiella pneumoniae strain Z0117KP0043 plasmid pZ0117KP0043-1, whole genome shotgun sequence
573.21687	573.21687|accn|UKPU01000001_2|accn|UKPU01000001_2:11;size=2	100.0	33	2.31e-10	65.9	NZ_JAMOLP010000004.1	NZ_JAMOLP010000004.1 Klebsiella pneumoniae strain Z0117KP0043 plasmid pZ0117KP0043-1, whole genome shotgun sequence
573.21687	573.21687|accn|UKPU01000001_2|accn|UKPU01000001_2:1;size=1	96.667	30	3.47e-06	52.0	NZ_RRPQ01000128.1	NZ_RRPQ01000128.1 Escherichia coli strain FWSEC0451 map unlocalized plasmid unnamed2 FWSEC0451_contig00004, whole genome shotgun sequence
573.21687	573.21687|accn|UKPU01000001_2|accn|UKPU01000001_2:3;size=1	93.939	33	1.37e-05	50.1	NZ_JAMOLP010000004.1	NZ_JAMOLP010000004.1 Klebsiella pneumoniae strain Z0117KP0043 plasmid pZ0117KP0043-1, whole genome shotgun sequence
573.26072	573.26072|accn|CAADJV010000005_2|accn|CAADJV010000005_2:5;size=2	96.97	33	5.97e-08	58.0	NZ_JAMOLP010000004.1	NZ_JAMOLP010000004.1 Klebsiella pneumoniae strain Z0117KP0043 plasmid pZ0117KP0043-1, whole genome shotgun sequence
573.26094	573.26094|accn|CAAGTU010000008_1|accn|CAAGTU010000008_1:24;size=1	100.0	30	1.42e-08	60.0	NZ_JBROXS010000002.1	NZ_JBROXS010000002.1 Klebsiella pneumoniae strain CRKP-C197 plasmid unnamed1, whole genome shotgun sequence
573.26108	573.26108|accn|CAAGUK010000004_1|accn|CAAGUK010000004_1:12;size=1	100.0	32	8.54e-10	63.9	NZ_JBSKBN010000002.1	NZ_JBSKBN010000002.1 Klebsiella pneumoniae strain RC_863 plasmid unnamed1, whole genome shotgun sequence
573.26108	573.26108|accn|CAAGUK010000004_1|accn|CAAGUK010000004_1:21;size=1	100.0	32	8.54e-10	63.9	NZ_JBSQHF010000002.1	NZ_JBSQHF010000002.1 Klebsiella pneumoniae strain L20 map unlocalized plasmid unnamed contig_3, whole genome shotgun sequence
573.26108	573.26108|accn|CAAGUK010000004_1|accn|CAAGUK010000004_1:22;size=1	100.0	32	8.54e-10	63.9	NZ_JBSQHF010000002.1	NZ_JBSQHF010000002.1 Klebsiella pneumoniae strain L20 map unlocalized plasmid unnamed contig_3, whole genome shotgun sequence
573.26115	573.26115|accn|CAAGUR010000005_1|accn|CAAGUR010000005_1:9;size=1	96.875	32	2.08e-07	56.0	NZ_SGOJ01000001.1	NZ_SGOJ01000001.1 Klebsiella pneumoniae strain CR5 map unlocalized plasmid unnamed1 contig1, whole genome shotgun sequence
573.26165	573.26165|accn|CAAGWP010000007_1|accn|CAAGWP010000007_1:23;size=1	93.75	32	5.08e-05	48.1	NZ_JAMOLP010000004.1	NZ_JAMOLP010000004.1 Klebsiella pneumoniae strain Z0117KP0043 plasmid pZ0117KP0043-1, whole genome shotgun sequence
573.26209	573.26209|accn|CAAGYG010000011_1|accn|CAAGYG010000011_1:2;size=1	100.0	32	8.54e-10	63.9	NZ_JBROXS010000005.1	NZ_JBROXS010000005.1 Klebsiella pneumoniae strain CRKP-C197 plasmid unnamed4, whole genome shotgun sequence
573.26291	573.26291|accn|CAAHBJ010000013_1|accn|CAAHBJ010000013_1:1;size=2	96.97	33	7.38e-08	58.0	NZ_JBSPDI010000002.1	NZ_JBSPDI010000002.1 Escherichia coli strain EC600_TC_NKI plasmid pEC600_Vir, whole genome shotgun sequence
573.26306	573.26306|accn|CAAHBY010000002_1|accn|CAAHBY010000002_1:34;size=1	96.429	28	5.08e-05	48.1	NZ_JBSQHG010000002.1	NZ_JBSQHG010000002.1 Klebsiella grimontii strain L15 map unlocalized plasmid unnamed contig_2, whole genome shotgun sequence
573.27238	573.27238|accn|SUOU02000011_2|accn|SUOU02000011_2:3;size=3	100.0	33	2.59e-10	65.9	NZ_JBSPDI010000002.1	NZ_JBSPDI010000002.1 Escherichia coli strain EC600_TC_NKI plasmid pEC600_Vir, whole genome shotgun sequence
573.27238	573.27238|accn|SUOU02000011_2|accn|SUOU02000011_2:4;size=1	100.0	29	6.32e-08	58.0	NZ_JBRZEX010000003.1	NZ_JBRZEX010000003.1 Klebsiella variicola strain MULT00103 plasmid pMULT00103_3, whole genome shotgun sequence
573.27238	573.27238|accn|SUOU02000013_3|accn|SUOU02000013_3:41;size=1	100.0	32	8.54e-10	63.9	NZ_JANAVU010000004.1	NZ_JANAVU010000004.1 Klebsiella quasipneumoniae strain Kpn-96 map unlocalized plasmid pn-96 4, whole genome shotgun sequence
573.27442	573.27442|accn|VUBV01000016_1|accn|VUBV01000016_1:5;size=1	100.0	33	2.31e-10	65.9	NZ_JBRJPH010000003.1	NZ_JBRJPH010000003.1 Klebsiella aerogenes strain EB00136 plasmid p403_EB00136_3, whole genome shotgun sequence
573.27442	573.27442|accn|VUBV01000016_1|accn|VUBV01000016_1:6;size=1	100.0	33	2.31e-10	65.9	NZ_JBRAVG010000003.1	NZ_JBRAVG010000003.1 Klebsiella pneumoniae strain 21AR0491 plasmid p21AR0491B, whole genome shotgun sequence
573.27582	573.27582|accn|CABDVK010000004_1|accn|CABDVK010000004_1:3;size=2	96.875	32	2.22e-07	56.0	NZ_JBSQHF010000002.1	NZ_JBSQHF010000002.1 Klebsiella pneumoniae strain L20 map unlocalized plasmid unnamed contig_3, whole genome shotgun sequence
573.27582	573.27582|accn|CABDVK010000004_1|accn|CABDVK010000004_1:8;size=3	100.0	33	2.31e-10	65.9	NZ_JAMOLP010000004.1	NZ_JAMOLP010000004.1 Klebsiella pneumoniae strain Z0117KP0043 plasmid pZ0117KP0043-1, whole genome shotgun sequence
573.27589	573.27589|accn|CABDVV010000003-3_3|accn|CABDVV010000003-3_3:6;size=4	100.0	37	1.18e-12	73.8	NZ_JAFHLI010000007.1	NZ_JAFHLI010000007.1 Klebsiella pneumoniae strain KP-17Pi plasmid pKP-17PI_HIB-FIB, whole genome shotgun sequence
573.27592	573.27592|accn|CABDWI010000002_1|accn|CABDWI010000002_1:4;size=1	100.0	32	9.11e-10	63.9	NZ_JBSQHF010000002.1	NZ_JBSQHF010000002.1 Klebsiella pneumoniae strain L20 map unlocalized plasmid unnamed contig_3, whole genome shotgun sequence
573.27592	573.27592|accn|CABDWI010000002_1|accn|CABDWI010000002_1:6;size=1	93.75	32	5.41e-05	48.1	NZ_JBFQGG010000004.1	NZ_JBFQGG010000004.1 Enterobacter cloacae strain STK86-C plasmid pSTK86-C-C, whole genome shotgun sequence
573.27597	573.27597|accn|CABDWF010000002_1|accn|CABDWF010000002_1:7;size=1	100.0	32	8.54e-10	63.9	NZ_JBSKBN010000002.1	NZ_JBSKBN010000002.1 Klebsiella pneumoniae strain RC_863 plasmid unnamed1, whole genome shotgun sequence
573.27597	573.27597|accn|CABDWF010000002_1|accn|CABDWF010000002_1:9;size=1	100.0	32	8.54e-10	63.9	NZ_JAMOLP010000004.1	NZ_JAMOLP010000004.1 Klebsiella pneumoniae strain Z0117KP0043 plasmid pZ0117KP0043-1, whole genome shotgun sequence
573.28018	573.28018|accn|WERP01000031_4|accn|WERP01000031_4:11;size=1	96.97	33	5.62e-08	58.0	NZ_JAMOLP010000004.1	NZ_JAMOLP010000004.1 Klebsiella pneumoniae strain Z0117KP0043 plasmid pZ0117KP0043-1, whole genome shotgun sequence
573.28018	573.28018|accn|WERP01000031_4|accn|WERP01000031_4:7;size=1	96.875	32	2.22e-07	56.0	NZ_JBQPXK010000007.1	NZ_JBQPXK010000007.1 Escherichia coli strain NIB009 plasmid pF1, whole genome shotgun sequence
573.28018	573.28018|accn|WERP01000031_4|accn|WERP01000031_4:8;size=1	100.0	33	2.31e-10	65.9	NZ_JBROXS010000005.1	NZ_JBROXS010000005.1 Klebsiella pneumoniae strain CRKP-C197 plasmid unnamed4, whole genome shotgun sequence
573.28018	573.28018|accn|WERP01000031_4|accn|WERP01000031_4:9;size=1	93.333	30	0.000845	44.1	NZ_JBROXS010000002.1	NZ_JBROXS010000002.1 Klebsiella pneumoniae strain CRKP-C197 plasmid unnamed1, whole genome shotgun sequence
573.29066	573.29066|accn|WMIT01000002_1|accn|WMIT01000002_1:11;size=1	96.97	33	5.62e-08	58.0	NZ_JBLETG010000011.1	NZ_JBLETG010000011.1 Enterobacter hormaechei strain A26535 plasmid p3_A26535, whole genome shotgun sequence
573.29066	573.29066|accn|WMIT01000002_1|accn|WMIT01000002_1:23;size=1	100.0	33	2.31e-10	65.9	NZ_JAMOLP010000004.1	NZ_JAMOLP010000004.1 Klebsiella pneumoniae strain Z0117KP0043 plasmid pZ0117KP0043-1, whole genome shotgun sequence
573.29066	573.29066|accn|WMIT01000002_1|accn|WMIT01000002_1:2;size=1	100.0	33	2.31e-10	65.9	NZ_JAMOLP010000004.1	NZ_JAMOLP010000004.1 Klebsiella pneumoniae strain Z0117KP0043 plasmid pZ0117KP0043-1, whole genome shotgun sequence
573.29133	573.29133|accn|CACRXS010000005_1|accn|CACRXS010000005_1:17;size=1	100.0	33	2.31e-10	65.9	NZ_JBSQHG010000002.1	NZ_JBSQHG010000002.1 Klebsiella grimontii strain L15 map unlocalized plasmid unnamed contig_2, whole genome shotgun sequence
573.29133	573.29133|accn|CACRXS010000005_1|accn|CACRXS010000005_1:24;size=1	96.97	33	5.62e-08	58.0	NZ_JAMOLP010000004.1	NZ_JAMOLP010000004.1 Klebsiella pneumoniae strain Z0117KP0043 plasmid pZ0117KP0043-1, whole genome shotgun sequence
573.29133	573.29133|accn|CACRXS010000005_1|accn|CACRXS010000005_1:3;size=1	93.939	33	1.37e-05	50.1	NZ_JAMOLP010000004.1	NZ_JAMOLP010000004.1 Klebsiella pneumoniae strain Z0117KP0043 plasmid pZ0117KP0043-1, whole genome shotgun sequence
573.29133	573.29133|accn|CACRXS010000005_1|accn|CACRXS010000005_1:9;size=1	100.0	33	2.31e-10	65.9	NZ_JBRZDZ010000004.1	NZ_JBRZDZ010000004.1 Klebsiella pneumoniae strain JLKPA048 plasmid pJLKPA048-3, whole genome shotgun sequence
573.29527	573.29527|accn|RPFA01000010_1|accn|RPFA01000010_1:13;size=1	100.0	30	1.42e-08	60.0	NZ_JAMOLP010000004.1	NZ_JAMOLP010000004.1 Klebsiella pneumoniae strain Z0117KP0043 plasmid pZ0117KP0043-1, whole genome shotgun sequence
573.29579	573.29579|accn|PDFG01000034_3|accn|PDFG01000034_3:16;size=2	100.0	37	1.24e-12	73.8	NZ_JBDIXN010000002.1	NZ_JBDIXN010000002.1 Klebsiella pneumoniae strain 808330-17 map unlocalized plasmid p1530 2, whole genome shotgun sequence
573.29579	573.29579|accn|PDFG01000034_3|accn|PDFG01000034_3:20;size=2	100.0	38	3.14e-13	75.8	NZ_JBDIXN010000002.1	NZ_JBDIXN010000002.1 Klebsiella pneumoniae strain 808330-17 map unlocalized plasmid p1530 2, whole genome shotgun sequence
573.31025	573.31025|accn|JAANCY010000011_1|accn|JAANCY010000011_1:18;size=1	100.0	32	8.54e-10	63.9	NZ_NBON01000047.1	NZ_NBON01000047.1 Klebsiella pneumoniae strain ARPG-380 map unlocalized plasmid unnamed1 contig47, whole genome shotgun sequence
573.31025	573.31025|accn|JAANCY010000011_1|accn|JAANCY010000011_1:19;size=1	100.0	32	8.54e-10	63.9	NZ_NBON01000047.1	NZ_NBON01000047.1 Klebsiella pneumoniae strain ARPG-380 map unlocalized plasmid unnamed1 contig47, whole genome shotgun sequence
573.31025	573.31025|accn|JAANCY010000011_1|accn|JAANCY010000011_1:1;size=1	100.0	32	8.54e-10	63.9	NZ_NBON01000047.1	NZ_NBON01000047.1 Klebsiella pneumoniae strain ARPG-380 map unlocalized plasmid unnamed1 contig47, whole genome shotgun sequence
573.31025	573.31025|accn|JAANCY010000011_1|accn|JAANCY010000011_1:2;size=2	100.0	32	8.54e-10	63.9	NZ_NBON01000047.1	NZ_NBON01000047.1 Klebsiella pneumoniae strain ARPG-380 map unlocalized plasmid unnamed1 contig47, whole genome shotgun sequence
573.31025	573.31025|accn|JAANCY010000011_1|accn|JAANCY010000011_1:3;size=2	100.0	32	8.54e-10	63.9	NZ_NBON01000047.1	NZ_NBON01000047.1 Klebsiella pneumoniae strain ARPG-380 map unlocalized plasmid unnamed1 contig47, whole genome shotgun sequence
573.33955	573.33955|accn|VKNE01000052_1|accn|VKNE01000052_1:17;size=2	100.0	33	2.31e-10	65.9	NZ_JBROXS010000002.1	NZ_JBROXS010000002.1 Klebsiella pneumoniae strain CRKP-C197 plasmid unnamed1, whole genome shotgun sequence
573.35554	573.35554|accn|WMNA01000031_1|accn|WMNA01000031_1:11;size=1	96.875	32	2.08e-07	56.0	NZ_JBRYYQ010000003.1	NZ_JBRYYQ010000003.1 Klebsiella pneumoniae strain MBI-24-2 plasmid pMBI24-2-1, whole genome shotgun sequence
573.36216	573.36216|accn|CAJHPM010000005_1|accn|CAJHPM010000005_1:38;size=1	100.0	32	8.54e-10	63.9	NZ_JBSQHF010000002.1	NZ_JBSQHF010000002.1 Klebsiella pneumoniae strain L20 map unlocalized plasmid unnamed contig_3, whole genome shotgun sequence
573.36677	573.36677|accn|JACKYW010000018_1|accn|JACKYW010000018_1:1;size=1	100.0	39	8.33e-14	77.8	NZ_JBSKBN010000002.1	NZ_JBSKBN010000002.1 Klebsiella pneumoniae strain RC_863 plasmid unnamed1, whole genome shotgun sequence
573.37287	573.37287|accn|VAAU01000001_1|accn|VAAU01000001_1:4;size=1	100.0	33	2.31e-10	65.9	NZ_JBRZFC010000006.1	NZ_JBRZFC010000006.1 Klebsiella planticola strain KLO00138 plasmid pKLO00138_6, whole genome shotgun sequence
573.37689	573.37689|accn|JAGUSH010000006_2|accn|JAGUSH010000006_2:6;size=1	96.97	33	5.62e-08	58.0	NZ_JAMOLP010000004.1	NZ_JAMOLP010000004.1 Klebsiella pneumoniae strain Z0117KP0043 plasmid pZ0117KP0043-1, whole genome shotgun sequence
573.38696	573.38696|accn|JAGSZX010000010_1|accn|JAGSZX010000010_1:8;size=1	100.0	32	8.54e-10	63.9	NZ_JAMOLP010000004.1	NZ_JAMOLP010000004.1 Klebsiella pneumoniae strain Z0117KP0043 plasmid pZ0117KP0043-1, whole genome shotgun sequence
573.38697	573.38697|accn|JAGSXY010000003_1|accn|JAGSXY010000003_1:1;size=1	100.0	33	2.31e-10	65.9	NZ_JBSQHF010000002.1	NZ_JBSQHF010000002.1 Klebsiella pneumoniae strain L20 map unlocalized plasmid unnamed contig_3, whole genome shotgun sequence
573.38718	573.38718|accn|JAHRXK010000005_1|accn|JAHRXK010000005_1:12;size=1	96.429	28	5.08e-05	48.1	NZ_JAMOLP010000004.1	NZ_JAMOLP010000004.1 Klebsiella pneumoniae strain Z0117KP0043 plasmid pZ0117KP0043-1, whole genome shotgun sequence
573.39641	573.39641|accn|WTDP01000003_1|accn|WTDP01000003_1:1;size=1	93.75	32	5.08e-05	48.1	NZ_JAMOLP010000004.1	NZ_JAMOLP010000004.1 Klebsiella pneumoniae strain Z0117KP0043 plasmid pZ0117KP0043-1, whole genome shotgun sequence
573.39669	573.39669|accn|NKTO01000004_1|accn|NKTO01000004_1:14;size=1	96.875	32	2.08e-07	56.0	NZ_JAMOLP010000004.1	NZ_JAMOLP010000004.1 Klebsiella pneumoniae strain Z0117KP0043 plasmid pZ0117KP0043-1, whole genome shotgun sequence
573.39796	573.39796|accn|PKPO01000001_3|accn|PKPO01000001_3:11;size=1	88.679	53	1.55e-07	58.0	NZ_JARYIA010000006.1	NZ_JARYIA010000006.1 Staphylococcus aureus strain GE-MSSA34 plasmid unnamed2, whole genome shotgun sequence
573.39796	573.39796|accn|PKPO01000001_3|accn|PKPO01000001_3:12;size=1	85.714	56	0.000169	48.1	NZ_JBSJXU010000003.1	NZ_JBSJXU010000003.1 Enterococcus alishanensis strain JNUCC 77 plasmid unnamed2, whole genome shotgun sequence
573.39796	573.39796|accn|PKPO01000001_3|accn|PKPO01000001_3:16;size=2	88.235	68	1.45e-11	71.9	NZ_JACGYC010000002.1	NZ_JACGYC010000002.1 Staphylococcus aureus strain SA2028 map unlocalized plasmid unnamed NODE_2_length_578871_cov_33.101906, whole genome shotgun sequence
573.39796	573.39796|accn|PKPO01000001_3|accn|PKPO01000001_3:17;size=1	90.244	41	2.23e-05	50.1	NZ_JARYHW010000002.1	NZ_JARYHW010000002.1 Staphylococcus aureus strain IT-MSSA51 plasmid unnamed, whole genome shotgun sequence
573.39796	573.39796|accn|PKPO01000001_3|accn|PKPO01000001_3:27;size=1	92.5	40	3.61e-07	56.0	NZ_JBSJXU010000003.1	NZ_JBSJXU010000003.1 Enterococcus alishanensis strain JNUCC 77 plasmid unnamed2, whole genome shotgun sequence
573.39796	573.39796|accn|PKPO01000008_2|accn|PKPO01000008_2:1;size=1	100.0	33	2.31e-10	65.9	NZ_JBSMIU010000002.1	NZ_JBSMIU010000002.1 Klebsiella quasivariicola strain SW-9 plasmid p1, whole genome shotgun sequence
573.39796	573.39796|accn|PKPO01000008_2|accn|PKPO01000008_2:5;size=1	100.0	33	2.31e-10	65.9	NZ_JBSMIZ010000002.1	NZ_JBSMIZ010000002.1 Klebsiella pneumoniae strain PS-71 plasmid p1, whole genome shotgun sequence
573.39805	573.39805|accn|PUIJ01000004_1|accn|PUIJ01000004_1:13;size=1	100.0	32	8.54e-10	63.9	NZ_NBON01000047.1	NZ_NBON01000047.1 Klebsiella pneumoniae strain ARPG-380 map unlocalized plasmid unnamed1 contig47, whole genome shotgun sequence
573.39805	573.39805|accn|PUIJ01000004_1|accn|PUIJ01000004_1:18;size=1	100.0	26	3.25e-06	52.0	NZ_JBQHIL010000004.1	NZ_JBQHIL010000004.1 Enterobacter hormaechei strain EH36082023BG map unlocalized plasmid unknown03 contig04, whole genome shotgun sequence
573.39805	573.39805|accn|PUIJ01000004_1|accn|PUIJ01000004_1:8;size=1	93.75	32	5.08e-05	48.1	NZ_JAMOLP010000004.1	NZ_JAMOLP010000004.1 Klebsiella pneumoniae strain Z0117KP0043 plasmid pZ0117KP0043-1, whole genome shotgun sequence
573.39816	573.39816|accn|QYYO01000002_1|accn|QYYO01000002_1:1;size=1	96.97	33	5.62e-08	58.0	NZ_JBSPDI010000002.1	NZ_JBSPDI010000002.1 Escherichia coli strain EC600_TC_NKI plasmid pEC600_Vir, whole genome shotgun sequence
573.40423	573.40423|accn|JAHLQW010000011_1|accn|JAHLQW010000011_1:25;size=1	100.0	32	8.54e-10	63.9	NZ_JBSQHF010000002.1	NZ_JBSQHF010000002.1 Klebsiella pneumoniae strain L20 map unlocalized plasmid unnamed contig_3, whole genome shotgun sequence
573.40423	573.40423|accn|JAHLQW010000011_1|accn|JAHLQW010000011_1:4;size=1	96.296	27	0.000201	46.1	NZ_JBSQHF010000002.1	NZ_JBSQHF010000002.1 Klebsiella pneumoniae strain L20 map unlocalized plasmid unnamed contig_3, whole genome shotgun sequence
573.40423	573.40423|accn|JAHLQW010000011_1|accn|JAHLQW010000011_1:5;size=1	100.0	32	8.54e-10	63.9	NZ_JBSMIZ010000002.1	NZ_JBSMIZ010000002.1 Klebsiella pneumoniae strain PS-71 plasmid p1, whole genome shotgun sequence
573.40423	573.40423|accn|JAHLQW010000011_1|accn|JAHLQW010000011_1:8;size=1	100.0	30	1.33e-08	60.0	NZ_JAMOLP010000004.1	NZ_JAMOLP010000004.1 Klebsiella pneumoniae strain Z0117KP0043 plasmid pZ0117KP0043-1, whole genome shotgun sequence
573.40423	573.40423|accn|JAHLQW010000024-2_2|accn|JAHLQW010000024-2_2:3;size=2	100.0	35	1.66e-11	69.9	NZ_JARGDG010000127.1	NZ_JARGDG010000127.1 Klebsiella pneumoniae strain CRKP-51 map unlocalized plasmid unnamed47 contig130, whole genome shotgun sequence
573.4053	573.4053|accn|FLDD01000001_1|accn|FLDD01000001_1:5;size=1	100.0	33	2.31e-10	65.9	NZ_JAMOLP010000004.1	NZ_JAMOLP010000004.1 Klebsiella pneumoniae strain Z0117KP0043 plasmid pZ0117KP0043-1, whole genome shotgun sequence
573.4095	573.4095|accn|FLEW01000001_1|accn|FLEW01000001_1:2;size=6	100.0	33	3.03e-10	65.9	NZ_JBSQHF010000002.1	NZ_JBSQHF010000002.1 Klebsiella pneumoniae strain L20 map unlocalized plasmid unnamed contig_3, whole genome shotgun sequence
573.4095	573.4095|accn|FLEW01000001_1|accn|FLEW01000001_1:9;size=3	96.97	33	7.38e-08	58.0	NZ_JBSQHF010000002.1	NZ_JBSQHF010000002.1 Klebsiella pneumoniae strain L20 map unlocalized plasmid unnamed contig_3, whole genome shotgun sequence
573.4126	573.4126|accn|FLFX01000001_1|accn|FLFX01000001_1:19;size=1	100.0	33	2.31e-10	65.9	NZ_JBSQHF010000002.1	NZ_JBSQHF010000002.1 Klebsiella pneumoniae strain L20 map unlocalized plasmid unnamed contig_3, whole genome shotgun sequence
573.41397	573.41397|accn|JAGKZW010000082_1|accn|JAGKZW010000082_1:10;size=1	91.781	73	2.53e-19	97.6	NZ_SDWQ01000010.1	NZ_SDWQ01000010.1 Staphylococcus aureus strain SCPM-O-B-8476 map unlocalized plasmid unnamed NODE_10_length_4097_cov_135.559446, whole genome shotgun sequence
573.41397	573.41397|accn|JAGKZW010000082_1|accn|JAGKZW010000082_1:13;size=1	91.892	37	2.23e-05	50.1	NZ_JARYIA010000006.1	NZ_JARYIA010000006.1 Staphylococcus aureus strain GE-MSSA34 plasmid unnamed2, whole genome shotgun sequence
573.41397	573.41397|accn|JAGKZW010000082_1|accn|JAGKZW010000082_1:17;size=1	88.679	53	1.55e-07	58.0	NZ_JBSJXU010000003.1	NZ_JBSJXU010000003.1 Enterococcus alishanensis strain JNUCC 77 plasmid unnamed2, whole genome shotgun sequence
573.41397	573.41397|accn|JAGKZW010000082_1|accn|JAGKZW010000082_1:1;size=1	87.755	98	8.88e-20	99.6	NZ_SDWQ01000010.1	NZ_SDWQ01000010.1 Staphylococcus aureus strain SCPM-O-B-8476 map unlocalized plasmid unnamed NODE_10_length_4097_cov_135.559446, whole genome shotgun sequence
573.41397	573.41397|accn|JAGKZW010000082_1|accn|JAGKZW010000082_1:4;size=1	87.324	71	5.72e-11	69.9	NZ_JBSJXU010000003.1	NZ_JBSJXU010000003.1 Enterococcus alishanensis strain JNUCC 77 plasmid unnamed2, whole genome shotgun sequence
573.41397	573.41397|accn|JAGKZW010000082_1|accn|JAGKZW010000082_1:6;size=1	85.263	95	3.44e-13	77.8	NZ_JARYHX010000005.1	NZ_JARYHX010000005.1 Staphylococcus aureus strain GE-MSSA39 plasmid unnamed3, whole genome shotgun sequence
573.41397	573.41397|accn|JAGKZW010000082_1|accn|JAGKZW010000082_1:7;size=4	86.916	107	2.53e-20	101.0	NZ_JACGYD010000002.1	NZ_JACGYD010000002.1 Staphylococcus aureus strain SA2010 map unlocalized plasmid unnamed1 NODE_2_length_467021_cov_38.538977, whole genome shotgun sequence
573.41397	573.41397|accn|JAGKZW010000082_1|accn|JAGKZW010000082_1:9;size=2	85.87	92	7.66e-14	79.8	NZ_JBSJXU010000003.1	NZ_JBSJXU010000003.1 Enterococcus alishanensis strain JNUCC 77 plasmid unnamed2, whole genome shotgun sequence
573.41415	573.41415|accn|JAEDYU010000015_1|accn|JAEDYU010000015_1:21;size=1	100.0	32	8.54e-10	63.9	NZ_JBRTYI010000005.1	NZ_JBRTYI010000005.1 Klebsiella pneumoniae strain KP1 plasmid pKP1-pls4, whole genome shotgun sequence
573.41415	573.41415|accn|JAEDYU010000015_1|accn|JAEDYU010000015_1:22;size=1	93.75	32	5.08e-05	48.1	NZ_JBSQHF010000002.1	NZ_JBSQHF010000002.1 Klebsiella pneumoniae strain L20 map unlocalized plasmid unnamed contig_3, whole genome shotgun sequence
573.41415	573.41415|accn|JAEDYU010000015_1|accn|JAEDYU010000015_1:7;size=1	100.0	32	8.54e-10	63.9	NZ_JBSMIU010000003.1	NZ_JBSMIU010000003.1 Klebsiella quasivariicola strain SW-9 plasmid p2, whole genome shotgun sequence
573.43367	573.43367|accn|JAIUAI010000009_1|accn|JAIUAI010000009_1:1;size=1	100.0	32	8.54e-10	63.9	NZ_JBRYYQ010000003.1	NZ_JBRYYQ010000003.1 Klebsiella pneumoniae strain MBI-24-2 plasmid pMBI24-2-1, whole genome shotgun sequence
573.45175	573.45175|accn|JAJFVV010000003_1|accn|JAJFVV010000003_1:18;size=1	100.0	32	8.54e-10	63.9	NZ_JBSMIZ010000002.1	NZ_JBSMIZ010000002.1 Klebsiella pneumoniae strain PS-71 plasmid p1, whole genome shotgun sequence
573.45175	573.45175|accn|JAJFVV010000003_1|accn|JAJFVV010000003_1:19;size=1	100.0	32	8.54e-10	63.9	NZ_JBSMIZ010000005.1	NZ_JBSMIZ010000005.1 Klebsiella pneumoniae strain PS-71 plasmid p4, whole genome shotgun sequence
573.45175	573.45175|accn|JAJFVV010000003_1|accn|JAJFVV010000003_1:28;size=1	96.875	32	2.08e-07	56.0	NZ_JAMOLP010000004.1	NZ_JAMOLP010000004.1 Klebsiella pneumoniae strain Z0117KP0043 plasmid pZ0117KP0043-1, whole genome shotgun sequence
573.45175	573.45175|accn|JAJFVV010000003_1|accn|JAJFVV010000003_1:32;size=1	100.0	32	8.54e-10	63.9	NZ_JASISD010000003.1	NZ_JASISD010000003.1 Klebsiella pneumoniae strain CS00367 plasmid p1_CS00367, whole genome shotgun sequence
573.45175	573.45175|accn|JAJFVV010000003_1|accn|JAJFVV010000003_1:33;size=1	100.0	32	8.54e-10	63.9	NZ_JBLEWX010000005.1	NZ_JBLEWX010000005.1 Klebsiella pneumoniae strain A32203 plasmid p1_A32203, whole genome shotgun sequence
573.45175	573.45175|accn|JAJFVV010000003_1|accn|JAJFVV010000003_1:3;size=1	96.875	32	2.08e-07	56.0	NZ_JBRYHH010000001.1	NZ_JBRYHH010000001.1 Klebsiella pneumoniae strain KP4 plasmid pKP4_p1, whole genome shotgun sequence
573.45179	573.45179|accn|JAJFVX010000001_1|accn|JAJFVX010000001_1:3;size=1	96.552	29	1.28e-05	50.1	NZ_JAMOLP010000004.1	NZ_JAMOLP010000004.1 Klebsiella pneumoniae strain Z0117KP0043 plasmid pZ0117KP0043-1, whole genome shotgun sequence
573.45789	573.45789|accn|JAKSZF010000008_1|accn|JAKSZF010000008_1:9;size=1	100.0	26	3.25e-06	52.0	NZ_JAMOLP010000004.1	NZ_JAMOLP010000004.1 Klebsiella pneumoniae strain Z0117KP0043 plasmid pZ0117KP0043-1, whole genome shotgun sequence
573.45791	573.45791|accn|JAKSYW010000001_1|accn|JAKSYW010000001_1:10;size=1	96.552	29	1.37e-05	50.1	NZ_JAMOLP010000004.1	NZ_JAMOLP010000004.1 Klebsiella pneumoniae strain Z0117KP0043 plasmid pZ0117KP0043-1, whole genome shotgun sequence
573.46076	573.46076|accn|573.46076.con.0004_1|accn|573.46076.con.0004_1:2;size=2	100.0	32	8.54e-10	63.9	NZ_JBSQHF010000002.1	NZ_JBSQHF010000002.1 Klebsiella pneumoniae strain L20 map unlocalized plasmid unnamed contig_3, whole genome shotgun sequence
573.46076	573.46076|accn|573.46076.con.0004_1|accn|573.46076.con.0004_1:3;size=1	100.0	32	8.54e-10	63.9	NZ_JBSPEW010000003.1	NZ_JBSPEW010000003.1 Klebsiella ornithinolytica strain Wry181 plasmid unnamed2, whole genome shotgun sequence
573.46076	573.46076|accn|573.46076.con.0004_1|accn|573.46076.con.0004_1:6;size=1	100.0	32	8.54e-10	63.9	NZ_JBSQHF010000002.1	NZ_JBSQHF010000002.1 Klebsiella pneumoniae strain L20 map unlocalized plasmid unnamed contig_3, whole genome shotgun sequence
573.46076	573.46076|accn|573.46076.con.0004_1|accn|573.46076.con.0004_1:7;size=1	100.0	32	8.54e-10	63.9	NZ_JBSMIZ010000002.1	NZ_JBSMIZ010000002.1 Klebsiella pneumoniae strain PS-71 plasmid p1, whole genome shotgun sequence
573.46076	573.46076|accn|573.46076.con.0004_1|accn|573.46076.con.0004_1:8;size=1	100.0	32	8.54e-10	63.9	NZ_JBSMIZ010000002.1	NZ_JBSMIZ010000002.1 Klebsiella pneumoniae strain PS-71 plasmid p1, whole genome shotgun sequence
573.46083	573.46083|accn|573.46083.con.0001_2|accn|573.46083.con.0001_2:2;size=1	100.0	33	2.45e-10	65.9	NZ_JBRAWW010000002.1	NZ_JBRAWW010000002.1 Enterobacter roggenkampii strain 22AR0267 plasmid p22AR0267A, whole genome shotgun sequence
573.46083	573.46083|accn|573.46083.con.0001_2|accn|573.46083.con.0001_2:5;size=1	93.939	33	1.37e-05	50.1	NZ_JAMOLP010000004.1	NZ_JAMOLP010000004.1 Klebsiella pneumoniae strain Z0117KP0043 plasmid pZ0117KP0043-1, whole genome shotgun sequence
573.46083	573.46083|accn|573.46083.con.0001_2|accn|573.46083.con.0001_2:6;size=1	100.0	33	2.31e-10	65.9	NZ_JBSQHF010000002.1	NZ_JBSQHF010000002.1 Klebsiella pneumoniae strain L20 map unlocalized plasmid unnamed contig_3, whole genome shotgun sequence
573.46094	573.46094|accn|573.46094.con.0003_1|accn|573.46094.con.0003_1:15;size=1	100.0	31	3.6e-09	61.9	NZ_JAMOLP010000004.1	NZ_JAMOLP010000004.1 Klebsiella pneumoniae strain Z0117KP0043 plasmid pZ0117KP0043-1, whole genome shotgun sequence
573.46094	573.46094|accn|573.46094.con.0003_1|accn|573.46094.con.0003_1:1;size=2	100.0	33	2.31e-10	65.9	NZ_JBRYHH010000002.1	NZ_JBRYHH010000002.1 Klebsiella pneumoniae strain KP4 plasmid pKP4_p2, whole genome shotgun sequence
573.46094	573.46094|accn|573.46094.con.0003_1|accn|573.46094.con.0003_1:3;size=2	100.0	32	9.11e-10	63.9	NZ_JAMOLP010000004.1	NZ_JAMOLP010000004.1 Klebsiella pneumoniae strain Z0117KP0043 plasmid pZ0117KP0043-1, whole genome shotgun sequence
573.46094	573.46094|accn|573.46094.con.0003_1|accn|573.46094.con.0003_1:6;size=2	100.0	33	2.31e-10	65.9	NZ_JBRAWN010000002.1	NZ_JBRAWN010000002.1 Enterobacter roggenkampii strain 20AR0175 plasmid p20AR0175A, whole genome shotgun sequence
573.46094	573.46094|accn|573.46094.con.0003_1|accn|573.46094.con.0003_1:7;size=2	100.0	32	9.11e-10	63.9	NZ_JBRAVJ010000003.1	NZ_JBRAVJ010000003.1 Enterobacter cloacae strain 20AR0121 plasmid p20AR0121B, whole genome shotgun sequence
573.46234	573.46234|accn|573.46234.con.0001_1|accn|573.46234.con.0001_1:15;size=1	100.0	33	2.31e-10	65.9	NZ_JANAVU010000004.1	NZ_JANAVU010000004.1 Klebsiella quasipneumoniae strain Kpn-96 map unlocalized plasmid pn-96 4, whole genome shotgun sequence
573.46234	573.46234|accn|573.46234.con.0001_1|accn|573.46234.con.0001_1:16;size=1	100.0	33	2.31e-10	65.9	NZ_JBRJPG010000005.1	NZ_JBRJPG010000005.1 Enterobacter hormaechei strain EB00119 plasmid pEB00119_5, whole genome shotgun sequence
573.46308	573.46308|accn|573.46308.con.0002_1|accn|573.46308.con.0002_1:9;size=3	100.0	34	7.66e-11	67.9	NZ_JBSMIU010000004.1	NZ_JBSMIU010000004.1 Klebsiella quasivariicola strain SW-9 plasmid p3, whole genome shotgun sequence
573.48235	573.48235|accn|JALXGY010000009_1|accn|JALXGY010000009_1:5;size=2	96.97	33	6.32e-08	58.0	NZ_JAMOLP010000004.1	NZ_JAMOLP010000004.1 Klebsiella pneumoniae strain Z0117KP0043 plasmid pZ0117KP0043-1, whole genome shotgun sequence
573.49577	573.49577|accn|JAKEQA010000003_1|accn|JAKEQA010000003_1:11;size=2	96.97	33	5.62e-08	58.0	NZ_JAMOLP010000004.1	NZ_JAMOLP010000004.1 Klebsiella pneumoniae strain Z0117KP0043 plasmid pZ0117KP0043-1, whole genome shotgun sequence
573.49577	573.49577|accn|JAKEQA010000003_1|accn|JAKEQA010000003_1:5;size=1	100.0	33	2.31e-10	65.9	NZ_JBSKBN010000002.1	NZ_JBSKBN010000002.1 Klebsiella pneumoniae strain RC_863 plasmid unnamed1, whole genome shotgun sequence
573.49928	573.49928|accn|JAHMOI010000001_2|accn|JAHMOI010000001_2:30;size=1	96.552	29	1.37e-05	50.1	NZ_SGOJ01000001.1	NZ_SGOJ01000001.1 Klebsiella pneumoniae strain CR5 map unlocalized plasmid unnamed1 contig1, whole genome shotgun sequence
573.49928	573.49928|accn|JAHMOI010000001_2|accn|JAHMOI010000001_2:4;size=1	96.97	33	5.62e-08	58.0	NZ_JAMOLP010000004.1	NZ_JAMOLP010000004.1 Klebsiella pneumoniae strain Z0117KP0043 plasmid pZ0117KP0043-1, whole genome shotgun sequence
573.50037	573.50037|accn|JANIUD010000044_1|accn|JANIUD010000044_1:2;size=1	100.0	32	8.54e-10	63.9	NZ_JBSPDI010000003.1	NZ_JBSPDI010000003.1 Escherichia coli strain EC600_TC_NKI plasmid pEC600_NDM_KPC, whole genome shotgun sequence
573.50113	573.50113|accn|JANFHT010000003_1|accn|JANFHT010000003_1:18;size=1	100.0	32	8.54e-10	63.9	NZ_JBSMIZ010000005.1	NZ_JBSMIZ010000005.1 Klebsiella pneumoniae strain PS-71 plasmid p4, whole genome shotgun sequence
573.50113	573.50113|accn|JANFHT010000003_1|accn|JANFHT010000003_1:29;size=1	100.0	32	8.54e-10	63.9	NZ_JAMOLP010000004.1	NZ_JAMOLP010000004.1 Klebsiella pneumoniae strain Z0117KP0043 plasmid pZ0117KP0043-1, whole genome shotgun sequence
573.50113	573.50113|accn|JANFHT010000003_1|accn|JANFHT010000003_1:36;size=2	100.0	27	8.23e-07	54.0	NZ_JANAVU010000004.1	NZ_JANAVU010000004.1 Klebsiella quasipneumoniae strain Kpn-96 map unlocalized plasmid pn-96 4, whole genome shotgun sequence
573.50113	573.50113|accn|JANFHT010000003_1|accn|JANFHT010000003_1:43;size=1	96.875	32	2.08e-07	56.0	NZ_JAMOLP010000004.1	NZ_JAMOLP010000004.1 Klebsiella pneumoniae strain Z0117KP0043 plasmid pZ0117KP0043-1, whole genome shotgun sequence
573.50987	573.50987|accn|JAOUYO010000004_1|accn|JAOUYO010000004_1:4;size=1	100.0	32	8.54e-10	63.9	NZ_JBSQHF010000002.1	NZ_JBSQHF010000002.1 Klebsiella pneumoniae strain L20 map unlocalized plasmid unnamed contig_3, whole genome shotgun sequence
573.50987	573.50987|accn|JAOUYO010000004_1|accn|JAOUYO010000004_1:5;size=1	100.0	32	8.54e-10	63.9	NZ_JBSQHF010000002.1	NZ_JBSQHF010000002.1 Klebsiella pneumoniae strain L20 map unlocalized plasmid unnamed contig_3, whole genome shotgun sequence
573.52223	573.52223|accn|NCMC01000022_3|accn|NCMC01000022_3:19;size=1	100.0	32	8.54e-10	63.9	NZ_JBSQHF010000002.1	NZ_JBSQHF010000002.1 Klebsiella pneumoniae strain L20 map unlocalized plasmid unnamed contig_3, whole genome shotgun sequence
573.52223	573.52223|accn|NCMC01000022_3|accn|NCMC01000022_3:20;size=1	96.875	32	2.08e-07	56.0	NZ_JAMOLP010000004.1	NZ_JAMOLP010000004.1 Klebsiella pneumoniae strain Z0117KP0043 plasmid pZ0117KP0043-1, whole genome shotgun sequence
573.52381	573.52381|accn|NICD01000001_2|accn|NICD01000001_2:11;size=1	96.97	33	5.62e-08	58.0	NZ_JBROXS010000002.1	NZ_JBROXS010000002.1 Klebsiella pneumoniae strain CRKP-C197 plasmid unnamed1, whole genome shotgun sequence
573.52632	573.52632|accn|JAMFYX010000003_1|accn|JAMFYX010000003_1:15;size=1	96.552	29	1.37e-05	50.1	NZ_JAMOLP010000004.1	NZ_JAMOLP010000004.1 Klebsiella pneumoniae strain Z0117KP0043 plasmid pZ0117KP0043-1, whole genome shotgun sequence
573.52733	573.52733|accn|JANFRO010000002_1|accn|JANFRO010000002_1:10;size=2	89.831	59	4.25e-11	69.9	NZ_SDWQ01000010.1	NZ_SDWQ01000010.1 Staphylococcus aureus strain SCPM-O-B-8476 map unlocalized plasmid unnamed NODE_10_length_4097_cov_135.559446, whole genome shotgun sequence
573.52733	573.52733|accn|JANFRO010000002_1|accn|JANFRO010000002_1:15;size=1	88.136	59	1.03e-08	61.9	NZ_JARYIA010000006.1	NZ_JARYIA010000006.1 Staphylococcus aureus strain GE-MSSA34 plasmid unnamed2, whole genome shotgun sequence
573.52733	573.52733|accn|JANFRO010000002_1|accn|JANFRO010000002_1:18;size=1	86.441	59	2.52e-06	54.0	NZ_JBSJXU010000003.1	NZ_JBSJXU010000003.1 Enterococcus alishanensis strain JNUCC 77 plasmid unnamed2, whole genome shotgun sequence
573.52733	573.52733|accn|JANFRO010000002_1|accn|JANFRO010000002_1:19;size=1	87.5	56	6.38e-07	56.0	NZ_JARYIA010000006.1	NZ_JARYIA010000006.1 Staphylococcus aureus strain GE-MSSA34 plasmid unnamed2, whole genome shotgun sequence
573.52733	573.52733|accn|JANFRO010000002_1|accn|JANFRO010000002_1:20;size=1	89.474	57	6.63e-10	65.9	NZ_JBSJXU010000003.1	NZ_JBSJXU010000003.1 Enterococcus alishanensis strain JNUCC 77 plasmid unnamed2, whole genome shotgun sequence
573.52733	573.52733|accn|JANFRO010000002_1|accn|JANFRO010000002_1:2;size=1	89.831	59	4.25e-11	69.9	NZ_JBSJXU010000003.1	NZ_JBSJXU010000003.1 Enterococcus alishanensis strain JNUCC 77 plasmid unnamed2, whole genome shotgun sequence
573.52733	573.52733|accn|JANFRO010000002_1|accn|JANFRO010000002_1:37;size=2	91.667	60	4.41e-14	79.8	NZ_JBSJXU010000003.1	NZ_JBSJXU010000003.1 Enterococcus alishanensis strain JNUCC 77 plasmid unnamed2, whole genome shotgun sequence
573.52733	573.52733|accn|JANFRO010000002_1|accn|JANFRO010000002_1:4;size=1	87.013	77	3.78e-12	73.8	NZ_SDWQ01000010.1	NZ_SDWQ01000010.1 Staphylococcus aureus strain SCPM-O-B-8476 map unlocalized plasmid unnamed NODE_10_length_4097_cov_135.559446, whole genome shotgun sequence
573.52733	573.52733|accn|JANFRO010000002_1|accn|JANFRO010000002_1:5;size=3	85.714	77	9.22e-10	65.9	NZ_JBSJXU010000003.1	NZ_JBSJXU010000003.1 Enterococcus alishanensis strain JNUCC 77 plasmid unnamed2, whole genome shotgun sequence
573.52733	573.52733|accn|JANFRO010000002_1|accn|JANFRO010000002_1:6;size=1	87.097	62	5.16e-08	60.0	NZ_JBFRBT010000181.1	NZ_JBFRBT010000181.1 Staphylococcus aureus strain SA_D1S_OM_E map unlocalized plasmid unnamed2 k141_202, whole genome shotgun sequence
573.52771	573.52771|accn|JAPJTZ010000043_1|accn|JAPJTZ010000043_1:1;size=1	100.0	56	1.03e-23	111.0	NZ_JBSMJB010000002.1	NZ_JBSMJB010000002.1 Klebsiella quasipneumoniae strain PS-11 plasmid p1, whole genome shotgun sequence
573.52844	573.52844|accn|JAIPYY010000001_1|accn|JAIPYY010000001_1:5;size=1	91.071	56	1.1e-11	71.9	NZ_JBSJXU010000003.1	NZ_JBSJXU010000003.1 Enterococcus alishanensis strain JNUCC 77 plasmid unnamed2, whole genome shotgun sequence
573.52986	573.52986|accn|CANDXE010000001_1|accn|CANDXE010000001_1:1;size=1	100.0	32	8.54e-10	63.9	NZ_JBSQHF010000002.1	NZ_JBSQHF010000002.1 Klebsiella pneumoniae strain L20 map unlocalized plasmid unnamed contig_3, whole genome shotgun sequence
573.53751	573.53751|accn|JAQQYX010000003_1|accn|JAQQYX010000003_1:14;size=1	96.875	32	2.08e-07	56.0	NZ_JAMOLP010000004.1	NZ_JAMOLP010000004.1 Klebsiella pneumoniae strain Z0117KP0043 plasmid pZ0117KP0043-1, whole genome shotgun sequence
573.53751	573.53751|accn|JAQQYX010000003_1|accn|JAQQYX010000003_1:20;size=1	100.0	32	8.54e-10	63.9	NZ_JAZBHJ010000016.1	NZ_JAZBHJ010000016.1 Klebsiella pneumoniae strain KP1806281 plasmid pKP1806281_2, whole genome shotgun sequence
573.53751	573.53751|accn|JAQQYX010000003_1|accn|JAQQYX010000003_1:21;size=1	100.0	32	8.54e-10	63.9	NZ_JBSDWY010000004.1	NZ_JBSDWY010000004.1 Klebsiella quasipneumoniae strain 15AR2774 plasmid p15AR2774C, whole genome shotgun sequence
573.54121	573.54121|accn|JARCNL010000003_1|accn|JARCNL010000003_1:20;size=1	100.0	30	1.33e-08	60.0	NZ_JBRAVK010000003.1	NZ_JBRAVK010000003.1 Klebsiella quasipneumoniae strain 24AR0184 plasmid p24AR0184B, whole genome shotgun sequence
573.54805	573.54805|accn|JALKZD010000007_1|accn|JALKZD010000007_1:24;size=1	100.0	32	8.54e-10	63.9	NZ_JAMOLP010000004.1	NZ_JAMOLP010000004.1 Klebsiella pneumoniae strain Z0117KP0043 plasmid pZ0117KP0043-1, whole genome shotgun sequence
573.54805	573.54805|accn|JALKZD010000007_1|accn|JALKZD010000007_1:27;size=1	100.0	32	8.54e-10	63.9	NZ_JBSQHF010000002.1	NZ_JBSQHF010000002.1 Klebsiella pneumoniae strain L20 map unlocalized plasmid unnamed contig_3, whole genome shotgun sequence
573.54805	573.54805|accn|JALKZD010000007_1|accn|JALKZD010000007_1:6;size=1	93.75	32	5.08e-05	48.1	NZ_JAMOLP010000004.1	NZ_JAMOLP010000004.1 Klebsiella pneumoniae strain Z0117KP0043 plasmid pZ0117KP0043-1, whole genome shotgun sequence
573.55074	573.55074|accn|JAOCFM010000001_1|accn|JAOCFM010000001_1:12;size=1	100.0	32	8.54e-10	63.9	NZ_JBRTYI010000005.1	NZ_JBRTYI010000005.1 Klebsiella pneumoniae strain KP1 plasmid pKP1-pls4, whole genome shotgun sequence
573.55074	573.55074|accn|JAOCFM010000001_1|accn|JAOCFM010000001_1:3;size=2	100.0	32	8.54e-10	63.9	NZ_JAMOLP010000004.1	NZ_JAMOLP010000004.1 Klebsiella pneumoniae strain Z0117KP0043 plasmid pZ0117KP0043-1, whole genome shotgun sequence
573.55208	573.55208|accn|JASBGZ010000004_1|accn|JASBGZ010000004_1:18;size=1	87.5	56	6.52e-07	56.0	NZ_JARYHW010000002.1	NZ_JARYHW010000002.1 Staphylococcus aureus strain IT-MSSA51 plasmid unnamed, whole genome shotgun sequence
573.55208	573.55208|accn|JASBGZ010000004_1|accn|JASBGZ010000004_1:19;size=4	88.462	78	3.99e-15	83.8	NZ_JARYIA010000006.1	NZ_JARYIA010000006.1 Staphylococcus aureus strain GE-MSSA34 plasmid unnamed2, whole genome shotgun sequence
573.55208	573.55208|accn|JASBGZ010000004_1|accn|JASBGZ010000004_1:21;size=2	86.585	82	9.72e-13	75.8	NZ_SDWQ01000010.1	NZ_SDWQ01000010.1 Staphylococcus aureus strain SCPM-O-B-8476 map unlocalized plasmid unnamed NODE_10_length_4097_cov_135.559446, whole genome shotgun sequence
573.55208	573.55208|accn|JASBGZ010000004_1|accn|JASBGZ010000004_1:22;size=3	86.842	76	1.8e-11	71.9	NZ_JBSJXU010000003.1	NZ_JBSJXU010000003.1 Enterococcus alishanensis strain JNUCC 77 plasmid unnamed2, whole genome shotgun sequence
573.55208	573.55208|accn|JASBGZ010000004_1|accn|JASBGZ010000004_1:23;size=2	87.129	101	3.84e-19	97.6	NZ_SDWQ01000010.1	NZ_SDWQ01000010.1 Staphylococcus aureus strain SCPM-O-B-8476 map unlocalized plasmid unnamed NODE_10_length_4097_cov_135.559446, whole genome shotgun sequence
573.55208	573.55208|accn|JASBGZ010000004_1|accn|JASBGZ010000004_1:24;size=1	87.952	83	1.01e-15	85.7	NZ_SDWQ01000010.1	NZ_SDWQ01000010.1 Staphylococcus aureus strain SCPM-O-B-8476 map unlocalized plasmid unnamed NODE_10_length_4097_cov_135.559446, whole genome shotgun sequence
573.55249	573.55249|accn|JALGYG010000005_1|accn|JALGYG010000005_1:7;size=1	93.333	30	0.000792	44.1	NZ_JAMOLP010000004.1	NZ_JAMOLP010000004.1 Klebsiella pneumoniae strain Z0117KP0043 plasmid pZ0117KP0043-1, whole genome shotgun sequence
573.55249	573.55249|accn|JALGYG010000005_1|accn|JALGYG010000005_1:8;size=1	96.875	32	2.08e-07	56.0	NZ_JANAVU010000004.1	NZ_JANAVU010000004.1 Klebsiella quasipneumoniae strain Kpn-96 map unlocalized plasmid pn-96 4, whole genome shotgun sequence
573.55249	573.55249|accn|JALGYG010000005_1|accn|JALGYG010000005_1:9;size=1	96.875	32	2.08e-07	56.0	NZ_JAHBNL010000002.1	NZ_JAHBNL010000002.1 Klebsiella pneumoniae strain S9_CRE9 plasmid pCRE9_1, whole genome shotgun sequence
573.56318	573.56318|accn|JASERQ010000003_1|accn|JASERQ010000003_1:23;size=1	100.0	29	5.27e-08	58.0	NZ_JBROXS010000002.1	NZ_JBROXS010000002.1 Klebsiella pneumoniae strain CRKP-C197 plasmid unnamed1, whole genome shotgun sequence
573.56318	573.56318|accn|JASERQ010000003_1|accn|JASERQ010000003_1:31;size=1	96.296	27	0.000201	46.1	NZ_JBROXS010000002.1	NZ_JBROXS010000002.1 Klebsiella pneumoniae strain CRKP-C197 plasmid unnamed1, whole genome shotgun sequence
573.56318	573.56318|accn|JASERQ010000003_1|accn|JASERQ010000003_1:53;size=1	100.0	31	3.37e-09	61.9	NZ_JAMOLP010000004.1	NZ_JAMOLP010000004.1 Klebsiella pneumoniae strain Z0117KP0043 plasmid pZ0117KP0043-1, whole genome shotgun sequence
573.56318	573.56318|accn|JASERQ010000003_1|accn|JASERQ010000003_1:5;size=1	100.0	30	1.33e-08	60.0	NZ_JBROXS010000002.1	NZ_JBROXS010000002.1 Klebsiella pneumoniae strain CRKP-C197 plasmid unnamed1, whole genome shotgun sequence
573.56451	573.56451|accn|JANGTA010000010-1_1|accn|JANGTA010000010-1_1:1;size=1	100.0	32	8.54e-10	63.9	NZ_JBRTYH010000002.1	NZ_JBRTYH010000002.1 Klebsiella pneumoniae strain KP6 plasmid pKP6-pls1, whole genome shotgun sequence
573.56459	573.56459|accn|JANGVC010000001_1|accn|JANGVC010000001_1:4;size=1	100.0	33	2.31e-10	65.9	NZ_JBROXS010000002.1	NZ_JBROXS010000002.1 Klebsiella pneumoniae strain CRKP-C197 plasmid unnamed1, whole genome shotgun sequence
573.56459	573.56459|accn|JANGVC010000001_1|accn|JANGVC010000001_1:5;size=1	100.0	33	2.31e-10	65.9	NZ_JBRYYQ010000003.1	NZ_JBRYYQ010000003.1 Klebsiella pneumoniae strain MBI-24-2 plasmid pMBI24-2-1, whole genome shotgun sequence
573.56996	573.56996|accn|JAUCQV010000047_1|accn|JAUCQV010000047_1:14;size=2	100.0	33	2.31e-10	65.9	NZ_JBLEVU010000003.1	NZ_JBLEVU010000003.1 Klebsiella pneumoniae strain 24105 plasmid p1_24105, whole genome shotgun sequence
573.57033	573.57033|accn|JAUDNM010000014_1|accn|JAUDNM010000014_1:12;size=1	90.323	62	7.33e-13	75.8	NZ_JARYIA010000006.1	NZ_JARYIA010000006.1 Staphylococcus aureus strain GE-MSSA34 plasmid unnamed2, whole genome shotgun sequence
573.57033	573.57033|accn|JAUDNM010000014_1|accn|JAUDNM010000014_1:2;size=4	89.157	83	4.27e-18	93.7	NZ_SDWQ01000010.1	NZ_SDWQ01000010.1 Staphylococcus aureus strain SCPM-O-B-8476 map unlocalized plasmid unnamed NODE_10_length_4097_cov_135.559446, whole genome shotgun sequence
573.57033	573.57033|accn|JAUDNM010000014_1|accn|JAUDNM010000014_1:9;size=2	89.231	65	2.9e-12	73.8	NZ_JACGYD010000002.1	NZ_JACGYD010000002.1 Staphylococcus aureus strain SA2010 map unlocalized plasmid unnamed1 NODE_2_length_467021_cov_38.538977, whole genome shotgun sequence
573.57069	573.57069|accn|JAUEIV010000001_2|accn|JAUEIV010000001_2:21;size=1	100.0	33	2.31e-10	65.9	NZ_JAMOLP010000004.1	NZ_JAMOLP010000004.1 Klebsiella pneumoniae strain Z0117KP0043 plasmid pZ0117KP0043-1, whole genome shotgun sequence
573.57069	573.57069|accn|JAUEIV010000001_2|accn|JAUEIV010000001_2:23;size=2	96.97	33	5.62e-08	58.0	NZ_JAMOLP010000004.1	NZ_JAMOLP010000004.1 Klebsiella pneumoniae strain Z0117KP0043 plasmid pZ0117KP0043-1, whole genome shotgun sequence
573.5706	573.5706|accn|FLVK01000002_2|accn|FLVK01000002_2:1;size=1	100.0	34	6.2e-11	67.9	NZ_JASISD010000003.1	NZ_JASISD010000003.1 Klebsiella pneumoniae strain CS00367 plasmid p1_CS00367, whole genome shotgun sequence
573.57273	573.57273|accn|JAULKA010000023_1|accn|JAULKA010000023_1:4;size=1	96.552	29	1.37e-05	50.1	NZ_JAVTLK010000066.1	NZ_JAVTLK010000066.1 Phytobacter diazotrophicus strain Pd1 map unlocalized plasmid unnamed66 Scaffold66, whole genome shotgun sequence
573.5799	573.5799|accn|FLXE01000016_1|accn|FLXE01000016_1:1;size=1	97.222	36	1.08e-09	63.9	NZ_SGOJ01000001.1	NZ_SGOJ01000001.1 Klebsiella pneumoniae strain CR5 map unlocalized plasmid unnamed1 contig1, whole genome shotgun sequence
573.5799	573.5799|accn|FLXE01000016_1|accn|FLXE01000016_1:3;size=1	100.0	35	1.66e-11	69.9	NZ_SGOJ01000001.1	NZ_SGOJ01000001.1 Klebsiella pneumoniae strain CR5 map unlocalized plasmid unnamed1 contig1, whole genome shotgun sequence
573.5799	573.5799|accn|FLXE01000016_1|accn|FLXE01000016_1:4;size=2	100.0	36	4.44e-12	71.9	NZ_NBON01000047.1	NZ_NBON01000047.1 Klebsiella pneumoniae strain ARPG-380 map unlocalized plasmid unnamed1 contig47, whole genome shotgun sequence
573.5799	573.5799|accn|FLXE01000016_1|accn|FLXE01000016_1:6;size=3	100.0	36	4.44e-12	71.9	NZ_SGOJ01000001.1	NZ_SGOJ01000001.1 Klebsiella pneumoniae strain CR5 map unlocalized plasmid unnamed1 contig1, whole genome shotgun sequence
573.5799	573.5799|accn|FLXE01000016_1|accn|FLXE01000016_1:7;size=1	100.0	36	4.44e-12	71.9	NZ_SGOJ01000001.1	NZ_SGOJ01000001.1 Klebsiella pneumoniae strain CR5 map unlocalized plasmid unnamed1 contig1, whole genome shotgun sequence
573.5804	573.5804|accn|FLWW01000003_1|accn|FLWW01000003_1:12;size=1	100.0	32	8.54e-10	63.9	NZ_JAMOLP010000004.1	NZ_JAMOLP010000004.1 Klebsiella pneumoniae strain Z0117KP0043 plasmid pZ0117KP0043-1, whole genome shotgun sequence
573.5804	573.5804|accn|FLWW01000003_1|accn|FLWW01000003_1:17;size=1	100.0	32	8.54e-10	63.9	NZ_JBSQHF010000002.1	NZ_JBSQHF010000002.1 Klebsiella pneumoniae strain L20 map unlocalized plasmid unnamed contig_3, whole genome shotgun sequence
573.5804	573.5804|accn|FLWW01000003_1|accn|FLWW01000003_1:18;size=1	100.0	32	8.54e-10	63.9	NZ_JBSQHF010000002.1	NZ_JBSQHF010000002.1 Klebsiella pneumoniae strain L20 map unlocalized plasmid unnamed contig_3, whole genome shotgun sequence
573.58381	573.58381|accn|JAURSH010000009_1|accn|JAURSH010000009_1:1;size=4	86.047	129	8.509999999999999e-24	113.0	NZ_JBSJXU010000003.1	NZ_JBSJXU010000003.1 Enterococcus alishanensis strain JNUCC 77 plasmid unnamed2, whole genome shotgun sequence
573.58381	573.58381|accn|JAURSH010000009_1|accn|JAURSH010000009_1:22;size=1	89.231	65	2.78e-12	73.8	NZ_JBSJXU010000003.1	NZ_JBSJXU010000003.1 Enterococcus alishanensis strain JNUCC 77 plasmid unnamed2, whole genome shotgun sequence
573.58381	573.58381|accn|JAURSH010000009_1|accn|JAURSH010000009_1:5;size=9	85.417	96	9.58e-14	79.8	NZ_JACGYC010000002.1	NZ_JACGYC010000002.1 Staphylococcus aureus strain SA2028 map unlocalized plasmid unnamed NODE_2_length_578871_cov_33.101906, whole genome shotgun sequence
573.58381	573.58381|accn|JAURSH010000009_1|accn|JAURSH010000009_1:6;size=2	85.227	88	2.06e-11	71.9	NZ_JBSJXU010000003.1	NZ_JBSJXU010000003.1 Enterococcus alishanensis strain JNUCC 77 plasmid unnamed2, whole genome shotgun sequence
573.58381	573.58381|accn|JAURSH010000009_1|accn|JAURSH010000009_1:7;size=5	85.149	101	2.01e-14	81.8	NZ_JBSJXU010000003.1	NZ_JBSJXU010000003.1 Enterococcus alishanensis strain JNUCC 77 plasmid unnamed2, whole genome shotgun sequence
573.58458	573.58458|accn|JASSVJ010000001_1|accn|JASSVJ010000001_1:37;size=1	100.0	32	8.54e-10	63.9	NZ_JAMOLP010000004.1	NZ_JAMOLP010000004.1 Klebsiella pneumoniae strain Z0117KP0043 plasmid pZ0117KP0043-1, whole genome shotgun sequence
573.58487	573.58487|accn|JAOUTS010000001_2|accn|JAOUTS010000001_2:7;size=1	100.0	33	2.31e-10	65.9	NZ_LZCZ01000002.1	NZ_LZCZ01000002.1 Klebsiella pneumoniae strain 196 map unlocalized plasmid unnamed1 Plasmid_1_Contig_2, whole genome shotgun sequence
573.58939	573.58939|accn|JAQARL010000002_1|accn|JAQARL010000002_1:5;size=1	91.489	47	8.55e-09	61.9	NZ_SDWQ01000010.1	NZ_SDWQ01000010.1 Staphylococcus aureus strain SCPM-O-B-8476 map unlocalized plasmid unnamed NODE_10_length_4097_cov_135.559446, whole genome shotgun sequence
573.58965	573.58965|accn|JAQASP010000019_1|accn|JAQASP010000019_1:12;size=1	100.0	32	8.54e-10	63.9	NZ_JAMOLP010000004.1	NZ_JAMOLP010000004.1 Klebsiella pneumoniae strain Z0117KP0043 plasmid pZ0117KP0043-1, whole genome shotgun sequence
573.58965	573.58965|accn|JAQASP010000019_1|accn|JAQASP010000019_1:19;size=1	100.0	32	8.54e-10	63.9	NZ_JBSQHF010000002.1	NZ_JBSQHF010000002.1 Klebsiella pneumoniae strain L20 map unlocalized plasmid unnamed contig_3, whole genome shotgun sequence
573.58965	573.58965|accn|JAQASP010000019_1|accn|JAQASP010000019_1:22;size=1	100.0	32	8.54e-10	63.9	NZ_JBSQHG010000002.1	NZ_JBSQHG010000002.1 Klebsiella grimontii strain L15 map unlocalized plasmid unnamed contig_2, whole genome shotgun sequence
573.58965	573.58965|accn|JAQASP010000019_1|accn|JAQASP010000019_1:23;size=1	96.875	32	2.08e-07	56.0	NZ_JARXZG010000002.1	NZ_JARXZG010000002.1 Enterobacter cloacae strain ST1 plasmid pECC011a, whole genome shotgun sequence
573.58965	573.58965|accn|JAQASP010000019_1|accn|JAQASP010000019_1:2;size=1	100.0	33	2.31e-10	65.9	NZ_JBSQHF010000002.1	NZ_JBSQHF010000002.1 Klebsiella pneumoniae strain L20 map unlocalized plasmid unnamed contig_3, whole genome shotgun sequence
573.59059	573.59059|accn|JAVLVI010000001_1|accn|JAVLVI010000001_1:13;size=2	88.462	78	4.11e-15	83.8	NZ_JARYIA010000006.1	NZ_JARYIA010000006.1 Staphylococcus aureus strain GE-MSSA34 plasmid unnamed2, whole genome shotgun sequence
573.59059	573.59059|accn|JAVLVI010000001_1|accn|JAVLVI010000001_1:15;size=3	86.275	102	2.14e-17	91.7	NZ_JBSJXU010000003.1	NZ_JBSJXU010000003.1 Enterococcus alishanensis strain JNUCC 77 plasmid unnamed2, whole genome shotgun sequence
573.59059	573.59059|accn|JAVLVI010000001_1|accn|JAVLVI010000001_1:17;size=4	85.321	109	8.95e-17	89.7	NZ_JBSJXU010000003.1	NZ_JBSJXU010000003.1 Enterococcus alishanensis strain JNUCC 77 plasmid unnamed2, whole genome shotgun sequence
573.59059	573.59059|accn|JAVLVI010000001_1|accn|JAVLVI010000001_1:1;size=2	89.796	49	1.09e-07	58.0	NZ_JBSJXU010000003.1	NZ_JBSJXU010000003.1 Enterococcus alishanensis strain JNUCC 77 plasmid unnamed2, whole genome shotgun sequence
573.59059	573.59059|accn|JAVLVI010000001_1|accn|JAVLVI010000001_1:20;size=1	87.952	83	1.32e-15	85.7	NZ_JACGYC010000002.1	NZ_JACGYC010000002.1 Staphylococcus aureus strain SA2028 map unlocalized plasmid unnamed NODE_2_length_578871_cov_33.101906, whole genome shotgun sequence
573.59059	573.59059|accn|JAVLVI010000001_1|accn|JAVLVI010000001_1:21;size=1	87.302	63	1.24e-08	61.9	NZ_JARYIA010000006.1	NZ_JARYIA010000006.1 Staphylococcus aureus strain GE-MSSA34 plasmid unnamed2, whole genome shotgun sequence
573.59059	573.59059|accn|JAVLVI010000001_1|accn|JAVLVI010000001_1:24;size=1	90.141	71	1.04e-15	85.7	NZ_JBSJXU010000003.1	NZ_JBSJXU010000003.1 Enterococcus alishanensis strain JNUCC 77 plasmid unnamed2, whole genome shotgun sequence
573.59059	573.59059|accn|JAVLVI010000001_1|accn|JAVLVI010000001_1:25;size=1	91.429	35	0.000334	46.1	NZ_JBFRBT010000181.1	NZ_JBFRBT010000181.1 Staphylococcus aureus strain SA_D1S_OM_E map unlocalized plasmid unnamed2 k141_202, whole genome shotgun sequence
573.59059	573.59059|accn|JAVLVI010000001_1|accn|JAVLVI010000001_1:29;size=3	85.915	71	1.51e-08	61.9	NZ_JBSJXU010000003.1	NZ_JBSJXU010000003.1 Enterococcus alishanensis strain JNUCC 77 plasmid unnamed2, whole genome shotgun sequence
573.59059	573.59059|accn|JAVLVI010000001_1|accn|JAVLVI010000001_1:32;size=1	87.879	66	1.79e-10	67.9	NZ_SDWQ01000010.1	NZ_SDWQ01000010.1 Staphylococcus aureus strain SCPM-O-B-8476 map unlocalized plasmid unnamed NODE_10_length_4097_cov_135.559446, whole genome shotgun sequence
573.59059	573.59059|accn|JAVLVI010000001_1|accn|JAVLVI010000001_1:33;size=1	86.275	102	1.29e-15	85.7	NZ_JBSJXU010000003.1	NZ_JBSJXU010000003.1 Enterococcus alishanensis strain JNUCC 77 plasmid unnamed2, whole genome shotgun sequence
573.59059	573.59059|accn|JAVLVI010000001_1|accn|JAVLVI010000001_1:34;size=1	89.394	66	7.33e-13	75.8	NZ_JBSJXU010000003.1	NZ_JBSJXU010000003.1 Enterococcus alishanensis strain JNUCC 77 plasmid unnamed2, whole genome shotgun sequence
573.59059	573.59059|accn|JAVLVI010000001_1|accn|JAVLVI010000001_1:37;size=4	85.047	107	1.58e-15	85.7	NZ_JARYHX010000005.1	NZ_JARYHX010000005.1 Staphylococcus aureus strain GE-MSSA39 plasmid unnamed3, whole genome shotgun sequence
573.59059	573.59059|accn|JAVLVI010000001_1|accn|JAVLVI010000001_1:39;size=2	89.13	92	5.6200000000000006e-21	103.0	NZ_JBSJXU010000003.1	NZ_JBSJXU010000003.1 Enterococcus alishanensis strain JNUCC 77 plasmid unnamed2, whole genome shotgun sequence
573.59059	573.59059|accn|JAVLVI010000001_1|accn|JAVLVI010000001_1:43;size=3	87.879	66	1.79e-10	67.9	NZ_SDWQ01000010.1	NZ_SDWQ01000010.1 Staphylococcus aureus strain SCPM-O-B-8476 map unlocalized plasmid unnamed NODE_10_length_4097_cov_135.559446, whole genome shotgun sequence
573.59059	573.59059|accn|JAVLVI010000001_1|accn|JAVLVI010000001_1:46;size=2	86.726	113	2.01e-21	105.0	NZ_SDWQ01000010.1	NZ_SDWQ01000010.1 Staphylococcus aureus strain SCPM-O-B-8476 map unlocalized plasmid unnamed NODE_10_length_4097_cov_135.559446, whole genome shotgun sequence
573.59059	573.59059|accn|JAVLVI010000001_1|accn|JAVLVI010000001_1:49;size=1	86.555	119	1.16e-22	109.0	NZ_JACGYC010000002.1	NZ_JACGYC010000002.1 Staphylococcus aureus strain SA2028 map unlocalized plasmid unnamed NODE_2_length_578871_cov_33.101906, whole genome shotgun sequence
573.59059	573.59059|accn|JAVLVI010000001_1|accn|JAVLVI010000001_1:4;size=2	89.394	66	7.33e-13	75.8	NZ_JBSJXU010000003.1	NZ_JBSJXU010000003.1 Enterococcus alishanensis strain JNUCC 77 plasmid unnamed2, whole genome shotgun sequence
573.59059	573.59059|accn|JAVLVI010000001_1|accn|JAVLVI010000001_1:50;size=3	86.458	96	3.34e-16	87.7	NZ_JARYIE010000002.1	NZ_JARYIE010000002.1 Staphylococcus aureus strain GE-MRSA14 plasmid unnamed, whole genome shotgun sequence
573.59059	573.59059|accn|JAVLVI010000001_1|accn|JAVLVI010000001_1:51;size=4	87.129	101	3.92e-19	97.6	NZ_JBSJXU010000003.1	NZ_JBSJXU010000003.1 Enterococcus alishanensis strain JNUCC 77 plasmid unnamed2, whole genome shotgun sequence
573.59059	573.59059|accn|JAVLVI010000001_1|accn|JAVLVI010000001_1:53;size=4	85.156	128	7.94e-21	103.0	NZ_SDWQ01000010.1	NZ_SDWQ01000010.1 Staphylococcus aureus strain SCPM-O-B-8476 map unlocalized plasmid unnamed NODE_10_length_4097_cov_135.559446, whole genome shotgun sequence
573.59059	573.59059|accn|JAVLVI010000001_1|accn|JAVLVI010000001_1:54;size=4	87.5	120	1.3399999999999999e-25	119.0	NZ_JBSJXU010000003.1	NZ_JBSJXU010000003.1 Enterococcus alishanensis strain JNUCC 77 plasmid unnamed2, whole genome shotgun sequence
573.62332	573.62332|accn|DAMADE010000003_1|accn|DAMADE010000003_1:23;size=1	93.75	32	5.08e-05	48.1	NZ_JBRNIO010000002.1	NZ_JBRNIO010000002.1 Escherichia coli strain MB06101 plasmid pMB06101_contig_2, whole genome shotgun sequence
573.62332	573.62332|accn|DAMADE010000003_1|accn|DAMADE010000003_1:36;size=1	100.0	32	8.54e-10	63.9	NZ_JBRZFH010000002.1	NZ_JBRZFH010000002.1 Enterobacter hormaechei strain EB00218 plasmid p36_EB00218_2, whole genome shotgun sequence
573.62332	573.62332|accn|DAMADE010000003_1|accn|DAMADE010000003_1:49;size=1	96.875	32	2.08e-07	56.0	NZ_JBSMIW010000004.1	NZ_JBSMIW010000004.1 Enterobacter roggenkampii strain SW-227 plasmid p3, whole genome shotgun sequence
573.62332	573.62332|accn|DAMADE010000003_1|accn|DAMADE010000003_1:52;size=1	100.0	32	8.54e-10	63.9	NZ_JAMOLP010000004.1	NZ_JAMOLP010000004.1 Klebsiella pneumoniae strain Z0117KP0043 plasmid pZ0117KP0043-1, whole genome shotgun sequence
573.62375	573.62375|accn|JANKYK010000024_3|accn|JANKYK010000024_3:14;size=1	100.0	38	3.14e-13	75.8	NZ_JBRYHH010000001.1	NZ_JBRYHH010000001.1 Klebsiella pneumoniae strain KP4 plasmid pKP4_p1, whole genome shotgun sequence
573.62375	573.62375|accn|JANKYK010000024_3|accn|JANKYK010000024_3:18;size=2	100.0	39	8.33e-14	77.8	NZ_JBRYHH010000001.1	NZ_JBRYHH010000001.1 Klebsiella pneumoniae strain KP4 plasmid pKP4_p1, whole genome shotgun sequence
573.62375	573.62375|accn|JANKYK010000024_3|accn|JANKYK010000024_3:8;size=1	100.0	38	3.14e-13	75.8	NZ_JBRYHH010000001.1	NZ_JBRYHH010000001.1 Klebsiella pneumoniae strain KP4 plasmid pKP4_p1, whole genome shotgun sequence
573.63193	573.63193|accn|JAWOXC010000013_1|accn|JAWOXC010000013_1:10;size=2	100.0	33	2.31e-10	65.9	NZ_JAFHLI010000007.1	NZ_JAFHLI010000007.1 Klebsiella pneumoniae strain KP-17Pi plasmid pKP-17PI_HIB-FIB, whole genome shotgun sequence
573.63193	573.63193|accn|JAWOXC010000013_1|accn|JAWOXC010000013_1:11;size=2	100.0	33	2.31e-10	65.9	NZ_JAFHLI010000007.1	NZ_JAFHLI010000007.1 Klebsiella pneumoniae strain KP-17Pi plasmid pKP-17PI_HIB-FIB, whole genome shotgun sequence
573.63193	573.63193|accn|JAWOXC010000013_1|accn|JAWOXC010000013_1:7;size=2	100.0	33	2.31e-10	65.9	NZ_JAFHLI010000007.1	NZ_JAFHLI010000007.1 Klebsiella pneumoniae strain KP-17Pi plasmid pKP-17PI_HIB-FIB, whole genome shotgun sequence
573.63287	573.63287|accn|JAVKOT010000001_1|accn|JAVKOT010000001_1:2;size=1	96.97	33	5.62e-08	58.0	NZ_JAMOLP010000004.1	NZ_JAMOLP010000004.1 Klebsiella pneumoniae strain Z0117KP0043 plasmid pZ0117KP0043-1, whole genome shotgun sequence
573.63391	573.63391|accn|JAWUBT010000010_3|accn|JAWUBT010000010_3:1;size=1	100.0	33	2.31e-10	65.9	NZ_JBSPSN010000002.1	NZ_JBSPSN010000002.1 Edwardsiella tarda strain E24.7 plasmid pE24.7-1, whole genome shotgun sequence
573.63949	573.63949|accn|JAXACE010000001_1|accn|JAXACE010000001_1:6;size=2	100.0	33	2.31e-10	65.9	NZ_JAMOLP010000004.1	NZ_JAMOLP010000004.1 Klebsiella pneumoniae strain Z0117KP0043 plasmid pZ0117KP0043-1, whole genome shotgun sequence
573.63949	573.63949|accn|JAXACE010000001_2|accn|JAXACE010000001_2:3;size=1	93.75	32	5.08e-05	48.1	NZ_JAMOLP010000004.1	NZ_JAMOLP010000004.1 Klebsiella pneumoniae strain Z0117KP0043 plasmid pZ0117KP0043-1, whole genome shotgun sequence
573.64014	573.64014|accn|JAWRKP010000001_1|accn|JAWRKP010000001_1:5;size=1	100.0	30	1.42e-08	60.0	NZ_JAMOLP010000004.1	NZ_JAMOLP010000004.1 Klebsiella pneumoniae strain Z0117KP0043 plasmid pZ0117KP0043-1, whole genome shotgun sequence
573.64478	573.64478|accn|JAWWLH010000003_1|accn|JAWWLH010000003_1:10;size=1	100.0	26	3.25e-06	52.0	NZ_JAMOLP010000004.1	NZ_JAMOLP010000004.1 Klebsiella pneumoniae strain Z0117KP0043 plasmid pZ0117KP0043-1, whole genome shotgun sequence
573.64478	573.64478|accn|JAWWLH010000003_1|accn|JAWWLH010000003_1:16;size=1	100.0	32	8.54e-10	63.9	NZ_JBROXS010000005.1	NZ_JBROXS010000005.1 Klebsiella pneumoniae strain CRKP-C197 plasmid unnamed4, whole genome shotgun sequence
573.64478	573.64478|accn|JAWWLH010000003_1|accn|JAWWLH010000003_1:18;size=1	100.0	32	8.54e-10	63.9	NZ_JAMOLP010000004.1	NZ_JAMOLP010000004.1 Klebsiella pneumoniae strain Z0117KP0043 plasmid pZ0117KP0043-1, whole genome shotgun sequence
573.64478	573.64478|accn|JAWWLH010000003_1|accn|JAWWLH010000003_1:23;size=1	100.0	32	8.54e-10	63.9	NZ_JAMOLP010000004.1	NZ_JAMOLP010000004.1 Klebsiella pneumoniae strain Z0117KP0043 plasmid pZ0117KP0043-1, whole genome shotgun sequence
573.64478	573.64478|accn|JAWWLH010000003_1|accn|JAWWLH010000003_1:25;size=1	100.0	32	8.54e-10	63.9	NZ_JBSQHF010000002.1	NZ_JBSQHF010000002.1 Klebsiella pneumoniae strain L20 map unlocalized plasmid unnamed contig_3, whole genome shotgun sequence
573.64478	573.64478|accn|JAWWLH010000003_1|accn|JAWWLH010000003_1:5;size=1	100.0	32	8.54e-10	63.9	NZ_JAMOLP010000004.1	NZ_JAMOLP010000004.1 Klebsiella pneumoniae strain Z0117KP0043 plasmid pZ0117KP0043-1, whole genome shotgun sequence
573.64701	573.64701|accn|JALKQB010000003_1|accn|JALKQB010000003_1:10;size=1	96.875	32	2.08e-07	56.0	NZ_JAMOLP010000004.1	NZ_JAMOLP010000004.1 Klebsiella pneumoniae strain Z0117KP0043 plasmid pZ0117KP0043-1, whole genome shotgun sequence
573.64701	573.64701|accn|JALKQB010000003_1|accn|JALKQB010000003_1:11;size=1	100.0	32	8.54e-10	63.9	NZ_JAMOLP010000004.1	NZ_JAMOLP010000004.1 Klebsiella pneumoniae strain Z0117KP0043 plasmid pZ0117KP0043-1, whole genome shotgun sequence
573.64701	573.64701|accn|JALKQB010000003_1|accn|JALKQB010000003_1:15;size=1	100.0	32	8.54e-10	63.9	NZ_JBSDWY010000004.1	NZ_JBSDWY010000004.1 Klebsiella quasipneumoniae strain 15AR2774 plasmid p15AR2774C, whole genome shotgun sequence
573.64701	573.64701|accn|JALKQB010000003_1|accn|JALKQB010000003_1:23;size=1	100.0	26	3.25e-06	52.0	NZ_RRJA01000147.1	NZ_RRJA01000147.1 Escherichia coli strain FWSEC0258 map unlocalized plasmid unnamed5 FWSEC0258_contig00007, whole genome shotgun sequence
573.64701	573.64701|accn|JALKQB010000003_1|accn|JALKQB010000003_1:25;size=1	93.75	32	5.08e-05	48.1	NZ_LFKC01000048.1	NZ_LFKC01000048.1 Escherichia coli strain HMLN-1 map unlocalized plasmid unnamed contig0048, whole genome shotgun sequence
573.64741	573.64741|accn|JAYNAM010000010_1|accn|JAYNAM010000010_1:14;size=1	100.0	32	8.54e-10	63.9	NZ_JAMOLP010000004.1	NZ_JAMOLP010000004.1 Klebsiella pneumoniae strain Z0117KP0043 plasmid pZ0117KP0043-1, whole genome shotgun sequence
573.64741	573.64741|accn|JAYNAM010000010_1|accn|JAYNAM010000010_1:34;size=1	96.875	32	2.08e-07	56.0	NZ_JAMOLP010000004.1	NZ_JAMOLP010000004.1 Klebsiella pneumoniae strain Z0117KP0043 plasmid pZ0117KP0043-1, whole genome shotgun sequence
573.65046	573.65046|accn|JAUPTB010000001_1|accn|JAUPTB010000001_1:2;size=1	100.0	33	2.31e-10	65.9	NZ_JBJNVQ010000001.1	NZ_JBJNVQ010000001.1 Priestia megaterium strain SY0032 plasmid pB32F, whole genome shotgun sequence
573.65046	573.65046|accn|JAUPTB010000001_2|accn|JAUPTB010000001_2:6;size=2	100.0	33	2.31e-10	65.9	NZ_JAMOLP010000004.1	NZ_JAMOLP010000004.1 Klebsiella pneumoniae strain Z0117KP0043 plasmid pZ0117KP0043-1, whole genome shotgun sequence
573.65209	573.65209|accn|JAQQTS010000012_2|accn|JAQQTS010000012_2:3;size=1	89.394	66	7.33e-13	75.8	NZ_SDWQ01000010.1	NZ_SDWQ01000010.1 Staphylococcus aureus strain SCPM-O-B-8476 map unlocalized plasmid unnamed NODE_10_length_4097_cov_135.559446, whole genome shotgun sequence
573.65209	573.65209|accn|JAQQTS010000012_2|accn|JAQQTS010000012_2:4;size=1	88.71	62	1.79e-10	67.9	NZ_JACGYC010000002.1	NZ_JACGYC010000002.1 Staphylococcus aureus strain SA2028 map unlocalized plasmid unnamed NODE_2_length_578871_cov_33.101906, whole genome shotgun sequence
573.65906	573.65906|accn|573.65906.con.0005_1|accn|573.65906.con.0005_1:22;size=1	96.875	32	2.08e-07	56.0	NZ_JBSDWY010000004.1	NZ_JBSDWY010000004.1 Klebsiella quasipneumoniae strain 15AR2774 plasmid p15AR2774C, whole genome shotgun sequence
573.65906	573.65906|accn|573.65906.con.0005_1|accn|573.65906.con.0005_1:23;size=1	100.0	32	8.54e-10	63.9	NZ_JBSSPQ010000003.1	NZ_JBSSPQ010000003.1 Shigella boydii strain FB321 plasmid pFB321b, whole genome shotgun sequence
573.66206	573.66206|accn|573.66206.con.0007_1|accn|573.66206.con.0007_1:12;size=1	100.0	32	8.54e-10	63.9	NZ_JACTAR010000008.1	NZ_JACTAR010000008.1 Klebsiella pneumoniae strain HKP0064 plasmid pHKP0064.5, whole genome shotgun sequence
573.66592	573.66592|accn|573.66592.con.0027_1|accn|573.66592.con.0027_1:12;size=4	100.0	38	3.14e-13	75.8	NZ_JBPSJV010000002.1	NZ_JBPSJV010000002.1 Klebsiella variicola strain 5-4756 plasmid p_contig2, whole genome shotgun sequence
573.66592	573.66592|accn|573.66592.con.0027_1|accn|573.66592.con.0027_1:13;size=3	100.0	38	3.14e-13	75.8	NZ_JBPSJV010000002.1	NZ_JBPSJV010000002.1 Klebsiella variicola strain 5-4756 plasmid p_contig2, whole genome shotgun sequence
573.66592	573.66592|accn|573.66592.con.0027_1|accn|573.66592.con.0027_1:14;size=2	100.0	38	3.14e-13	75.8	NZ_JBPSJV010000002.1	NZ_JBPSJV010000002.1 Klebsiella variicola strain 5-4756 plasmid p_contig2, whole genome shotgun sequence
573.66592	573.66592|accn|573.66592.con.0027_1|accn|573.66592.con.0027_1:16;size=2	100.0	37	1.18e-12	73.8	NZ_JBPSJV010000002.1	NZ_JBPSJV010000002.1 Klebsiella variicola strain 5-4756 plasmid p_contig2, whole genome shotgun sequence
573.66592	573.66592|accn|573.66592.con.0027_1|accn|573.66592.con.0027_1:17;size=7	100.0	38	3.14e-13	75.8	NZ_JBPSJV010000002.1	NZ_JBPSJV010000002.1 Klebsiella variicola strain 5-4756 plasmid p_contig2, whole genome shotgun sequence
573.66592	573.66592|accn|573.66592.con.0027_1|accn|573.66592.con.0027_1:18;size=2	100.0	37	1.18e-12	73.8	NZ_JBPSJV010000002.1	NZ_JBPSJV010000002.1 Klebsiella variicola strain 5-4756 plasmid p_contig2, whole genome shotgun sequence
573.66592	573.66592|accn|573.66592.con.0027_1|accn|573.66592.con.0027_1:19;size=4	100.0	38	3.14e-13	75.8	NZ_JBPSJV010000002.1	NZ_JBPSJV010000002.1 Klebsiella variicola strain 5-4756 plasmid p_contig2, whole genome shotgun sequence
573.66592	573.66592|accn|573.66592.con.0027_1|accn|573.66592.con.0027_1:20;size=3	100.0	38	3.14e-13	75.8	NZ_NBON01000047.1	NZ_NBON01000047.1 Klebsiella pneumoniae strain ARPG-380 map unlocalized plasmid unnamed1 contig47, whole genome shotgun sequence
573.66592	573.66592|accn|573.66592.con.0027_1|accn|573.66592.con.0027_1:21;size=3	100.0	38	3.14e-13	75.8	NZ_JBPSJV010000002.1	NZ_JBPSJV010000002.1 Klebsiella variicola strain 5-4756 plasmid p_contig2, whole genome shotgun sequence
573.66592	573.66592|accn|573.66592.con.0027_1|accn|573.66592.con.0027_1:22;size=3	100.0	38	3.14e-13	75.8	NZ_JBPSJV010000002.1	NZ_JBPSJV010000002.1 Klebsiella variicola strain 5-4756 plasmid p_contig2, whole genome shotgun sequence
573.66592	573.66592|accn|573.66592.con.0027_1|accn|573.66592.con.0027_1:23;size=3	100.0	37	1.18e-12	73.8	NZ_JBPSJV010000002.1	NZ_JBPSJV010000002.1 Klebsiella variicola strain 5-4756 plasmid p_contig2, whole genome shotgun sequence
573.66592	573.66592|accn|573.66592.con.0027_1|accn|573.66592.con.0027_1:2;size=3	100.0	38	3.14e-13	75.8	NZ_JBPSJV010000002.1	NZ_JBPSJV010000002.1 Klebsiella variicola strain 5-4756 plasmid p_contig2, whole genome shotgun sequence
573.66592	573.66592|accn|573.66592.con.0027_1|accn|573.66592.con.0027_1:3;size=3	100.0	38	3.14e-13	75.8	NZ_JBPSJV010000002.1	NZ_JBPSJV010000002.1 Klebsiella variicola strain 5-4756 plasmid p_contig2, whole genome shotgun sequence
573.66592	573.66592|accn|573.66592.con.0027_1|accn|573.66592.con.0027_1:7;size=4	100.0	38	3.14e-13	75.8	NZ_JBPSJV010000002.1	NZ_JBPSJV010000002.1 Klebsiella variicola strain 5-4756 plasmid p_contig2, whole genome shotgun sequence
573.66592	573.66592|accn|573.66592.con.0027_1|accn|573.66592.con.0027_1:8;size=8	100.0	38	3.14e-13	75.8	NZ_JBRTYH010000002.1	NZ_JBRTYH010000002.1 Klebsiella pneumoniae strain KP6 plasmid pKP6-pls1, whole genome shotgun sequence
573.66592	573.66592|accn|573.66592.con.0027_1|accn|573.66592.con.0027_1:9;size=4	93.75	32	7.11e-05	48.1	NZ_JBSPEX010000002.1	NZ_JBSPEX010000002.1 Enterobacter kobei strain 5FRT2 plasmid pT5FRT2, whole genome shotgun sequence
573.66611	573.66611|accn|573.66611.con.0009_2|accn|573.66611.con.0009_2:3;size=1	100.0	28	2.22e-07	56.0	NZ_JAMOLP010000004.1	NZ_JAMOLP010000004.1 Klebsiella pneumoniae strain Z0117KP0043 plasmid pZ0117KP0043-1, whole genome shotgun sequence
573.66613	573.66613|accn|573.66613.con.0002_1|accn|573.66613.con.0002_1:16;size=1	93.75	32	5.08e-05	48.1	NZ_RRJA01000147.1	NZ_RRJA01000147.1 Escherichia coli strain FWSEC0258 map unlocalized plasmid unnamed5 FWSEC0258_contig00007, whole genome shotgun sequence
573.66613	573.66613|accn|573.66613.con.0002_1|accn|573.66613.con.0002_1:37;size=1	96.552	29	1.28e-05	50.1	NZ_JAUAMU010000005.1	NZ_JAUAMU010000005.1 Escherichia coli strain ETEC4066F map unlocalized plasmid pEC4066F_1 ETEC_4066F_pl_1, whole genome shotgun sequence
573.66613	573.66613|accn|573.66613.con.0002_1|accn|573.66613.con.0002_1:7;size=1	93.333	30	0.000792	44.1	NZ_JBFCOO010000492.1	NZ_JBFCOO010000492.1 Enterobacter cloacae subsp. cloacae strain SDEclo754 plasmid p1_SDEclo754_OXA-181, whole genome shotgun sequence
573.66693	573.66693|accn|573.66693.con.0001_4|accn|573.66693.con.0001_4:2;size=2	96.97	33	5.62e-08	58.0	NZ_JBROXS010000002.1	NZ_JBROXS010000002.1 Klebsiella pneumoniae strain CRKP-C197 plasmid unnamed1, whole genome shotgun sequence
573.66693	573.66693|accn|573.66693.con.0001_4|accn|573.66693.con.0001_4:5;size=1	100.0	29	5.62e-08	58.0	NZ_JAHMAA010000005.1	NZ_JAHMAA010000005.1 Escherichia coli strain BMH-17-0036 plasmid unnamed1, whole genome shotgun sequence
573.66693	573.66693|accn|573.66693.con.0033_3|accn|573.66693.con.0033_3:11;size=1	100.0	33	2.31e-10	65.9	NZ_JBSKBN010000002.1	NZ_JBSKBN010000002.1 Klebsiella pneumoniae strain RC_863 plasmid unnamed1, whole genome shotgun sequence
573.66693	573.66693|accn|573.66693.con.0033_3|accn|573.66693.con.0033_3:12;size=1	96.97	33	5.62e-08	58.0	NZ_JAMOLP010000004.1	NZ_JAMOLP010000004.1 Klebsiella pneumoniae strain Z0117KP0043 plasmid pZ0117KP0043-1, whole genome shotgun sequence
573.66693	573.66693|accn|573.66693.con.0033_3|accn|573.66693.con.0033_3:3;size=1	96.97	33	5.62e-08	58.0	NZ_JAMOLP010000004.1	NZ_JAMOLP010000004.1 Klebsiella pneumoniae strain Z0117KP0043 plasmid pZ0117KP0043-1, whole genome shotgun sequence
573.66693	573.66693|accn|573.66693.con.0033_3|accn|573.66693.con.0033_3:4;size=1	100.0	33	2.31e-10	65.9	NZ_JAMOLP010000004.1	NZ_JAMOLP010000004.1 Klebsiella pneumoniae strain Z0117KP0043 plasmid pZ0117KP0043-1, whole genome shotgun sequence
573.66693	573.66693|accn|573.66693.con.0039_5|accn|573.66693.con.0039_5:11;size=2	100.0	37	1.18e-12	73.8	NZ_JBPSJV010000002.1	NZ_JBPSJV010000002.1 Klebsiella variicola strain 5-4756 plasmid p_contig2, whole genome shotgun sequence
573.66693	573.66693|accn|573.66693.con.0039_5|accn|573.66693.con.0039_5:12;size=3	100.0	38	3.14e-13	75.8	NZ_JBPSJV010000002.1	NZ_JBPSJV010000002.1 Klebsiella variicola strain 5-4756 plasmid p_contig2, whole genome shotgun sequence
573.66693	573.66693|accn|573.66693.con.0040_6|accn|573.66693.con.0040_6:2;size=2	96.97	33	5.62e-08	58.0	NZ_JBRZFD010000005.1	NZ_JBRZFD010000005.1 Klebsiella grimontii strain KLO00131 plasmid pKLO00131_5, whole genome shotgun sequence
573.66855	573.66855|accn|573.66855.con.0030_1|accn|573.66855.con.0030_1:9;size=9	97.368	38	7.66e-11	67.9	NZ_JBRYYQ010000003.1	NZ_JBRYYQ010000003.1 Klebsiella pneumoniae strain MBI-24-2 plasmid pMBI24-2-1, whole genome shotgun sequence
573.67066	573.67066|accn|573.67066.con.0002_1|accn|573.67066.con.0002_1:17;size=1	96.429	28	5.08e-05	48.1	NZ_RRKD01000155.1	NZ_RRKD01000155.1 Escherichia coli strain FWSEC0287 map unlocalized plasmid unnamed5 FWSEC0287_contig00050, whole genome shotgun sequence
573.67082	573.67082|accn|573.67082.con.0009_1|accn|573.67082.con.0009_1:12;size=1	100.0	32	8.54e-10	63.9	NZ_JBSQHF010000002.1	NZ_JBSQHF010000002.1 Klebsiella pneumoniae strain L20 map unlocalized plasmid unnamed contig_3, whole genome shotgun sequence
573.67082	573.67082|accn|573.67082.con.0009_1|accn|573.67082.con.0009_1:8;size=1	93.75	32	5.08e-05	48.1	NZ_SGOJ01000001.1	NZ_SGOJ01000001.1 Klebsiella pneumoniae strain CR5 map unlocalized plasmid unnamed1 contig1, whole genome shotgun sequence
573.67496	573.67496|accn|573.67496.con.0036_1|accn|573.67496.con.0036_1:10;size=9	100.0	38	3.14e-13	75.8	NZ_JBQTGO010000002.1	NZ_JBQTGO010000002.1 Klebsiella ornithinolytica strain LYG_6_1B plasmid pLYG_6_1B_290Kb, whole genome shotgun sequence
573.67496	573.67496|accn|573.67496.con.0036_1|accn|573.67496.con.0036_1:4;size=9	100.0	38	3.14e-13	75.8	NZ_JBRYYQ010000003.1	NZ_JBRYYQ010000003.1 Klebsiella pneumoniae strain MBI-24-2 plasmid pMBI24-2-1, whole genome shotgun sequence
573.67998	573.67998|accn|JBAMYN010000001_1|accn|JBAMYN010000001_1:16;size=1	87.5	56	6.11e-07	56.0	NZ_JACGYC010000002.1	NZ_JACGYC010000002.1 Staphylococcus aureus strain SA2028 map unlocalized plasmid unnamed NODE_2_length_578871_cov_33.101906, whole genome shotgun sequence
573.67998	573.67998|accn|JBAMYN010000001_1|accn|JBAMYN010000001_1:17;size=2	87.692	65	8.93e-10	65.9	NZ_JBSJXU010000003.1	NZ_JBSJXU010000003.1 Enterococcus alishanensis strain JNUCC 77 plasmid unnamed2, whole genome shotgun sequence
573.67998	573.67998|accn|JBAMYN010000001_1|accn|JBAMYN010000001_1:18;size=2	89.231	65	3.66e-12	73.8	NZ_SDWQ01000010.1	NZ_SDWQ01000010.1 Staphylococcus aureus strain SCPM-O-B-8476 map unlocalized plasmid unnamed NODE_10_length_4097_cov_135.559446, whole genome shotgun sequence
573.67998	573.67998|accn|JBAMYN010000001_1|accn|JBAMYN010000001_1:20;size=2	90.361	83	2.09e-20	101.0	NZ_SDWQ01000010.1	NZ_SDWQ01000010.1 Staphylococcus aureus strain SCPM-O-B-8476 map unlocalized plasmid unnamed NODE_10_length_4097_cov_135.559446, whole genome shotgun sequence
573.68081	573.68081|accn|JAXUCE010000077_1|accn|JAXUCE010000077_1:35;size=2	96.875	32	2.08e-07	56.0	NZ_JBRAWP010000002.1	NZ_JBRAWP010000002.1 Enterobacter asburiae strain 20AR0632 plasmid p20AR0632A, whole genome shotgun sequence
573.68469	573.68469|accn|JBANNY010000001_2|accn|JBANNY010000001_2:11;size=2	96.97	33	5.62e-08	58.0	NZ_JAMOLP010000004.1	NZ_JAMOLP010000004.1 Klebsiella pneumoniae strain Z0117KP0043 plasmid pZ0117KP0043-1, whole genome shotgun sequence
573.72893	573.72893|accn|JBAPAV010000010_1|accn|JBAPAV010000010_1:13;size=1	96.429	28	5.08e-05	48.1	NZ_JBROXS010000002.1	NZ_JBROXS010000002.1 Klebsiella pneumoniae strain CRKP-C197 plasmid unnamed1, whole genome shotgun sequence
573.72893	573.72893|accn|JBAPAV010000010_1|accn|JBAPAV010000010_1:14;size=1	100.0	32	8.54e-10	63.9	NZ_JAMOLP010000004.1	NZ_JAMOLP010000004.1 Klebsiella pneumoniae strain Z0117KP0043 plasmid pZ0117KP0043-1, whole genome shotgun sequence
573.72893	573.72893|accn|JBAPAV010000010_1|accn|JBAPAV010000010_1:17;size=1	100.0	32	8.54e-10	63.9	NZ_JBSMIZ010000005.1	NZ_JBSMIZ010000005.1 Klebsiella pneumoniae strain PS-71 plasmid p4, whole genome shotgun sequence
573.72893	573.72893|accn|JBAPAV010000010_1|accn|JBAPAV010000010_1:18;size=1	100.0	32	8.54e-10	63.9	NZ_JBSQHF010000002.1	NZ_JBSQHF010000002.1 Klebsiella pneumoniae strain L20 map unlocalized plasmid unnamed contig_3, whole genome shotgun sequence
573.72893	573.72893|accn|JBAPAV010000010_1|accn|JBAPAV010000010_1:20;size=1	93.75	32	5.08e-05	48.1	NZ_JAMOLP010000004.1	NZ_JAMOLP010000004.1 Klebsiella pneumoniae strain Z0117KP0043 plasmid pZ0117KP0043-1, whole genome shotgun sequence
573.72893	573.72893|accn|JBAPAV010000010_1|accn|JBAPAV010000010_1:3;size=1	100.0	32	8.54e-10	63.9	NZ_JBSQHF010000002.1	NZ_JBSQHF010000002.1 Klebsiella pneumoniae strain L20 map unlocalized plasmid unnamed contig_3, whole genome shotgun sequence
573.72893	573.72893|accn|JBAPAV010000010_1|accn|JBAPAV010000010_1:8;size=1	96.875	32	2.08e-07	56.0	NZ_JAMOLP010000004.1	NZ_JAMOLP010000004.1 Klebsiella pneumoniae strain Z0117KP0043 plasmid pZ0117KP0043-1, whole genome shotgun sequence
573.72957	573.72957|accn|JARMYK010000001_2|accn|JARMYK010000001_2:1;size=1	96.97	33	5.62e-08	58.0	NZ_JASISD010000003.1	NZ_JASISD010000003.1 Klebsiella pneumoniae strain CS00367 plasmid p1_CS00367, whole genome shotgun sequence
573.72963	573.72963|accn|JARMZG010000004_1|accn|JARMZG010000004_1:2;size=1	100.0	32	8.54e-10	63.9	NZ_JAMOLP010000004.1	NZ_JAMOLP010000004.1 Klebsiella pneumoniae strain Z0117KP0043 plasmid pZ0117KP0043-1, whole genome shotgun sequence
573.72963	573.72963|accn|JARMZG010000004_1|accn|JARMZG010000004_1:3;size=1	100.0	32	8.54e-10	63.9	NZ_JAMOLP010000004.1	NZ_JAMOLP010000004.1 Klebsiella pneumoniae strain Z0117KP0043 plasmid pZ0117KP0043-1, whole genome shotgun sequence
573.73033	573.73033|accn|JBCFZA010000002_1|accn|JBCFZA010000002_1:10;size=6	100.0	36	4.44e-12	71.9	NZ_JBRYYQ010000003.1	NZ_JBRYYQ010000003.1 Klebsiella pneumoniae strain MBI-24-2 plasmid pMBI24-2-1, whole genome shotgun sequence
573.73033	573.73033|accn|JBCFZA010000002_1|accn|JBCFZA010000002_1:11;size=6	100.0	36	4.44e-12	71.9	NZ_JBNGOD010000008.1	NZ_JBNGOD010000008.1 Klebsiella pneumoniae subsp. pneumoniae strain MDCL 36_2022 plasmid IncHI1B(pNDM-MAR), whole genome shotgun sequence
573.73033	573.73033|accn|JBCFZA010000002_1|accn|JBCFZA010000002_1:2;size=1	100.0	36	4.44e-12	71.9	NZ_SGOJ01000001.1	NZ_SGOJ01000001.1 Klebsiella pneumoniae strain CR5 map unlocalized plasmid unnamed1 contig1, whole genome shotgun sequence
573.73033	573.73033|accn|JBCFZA010000002_1|accn|JBCFZA010000002_1:5;size=3	100.0	35	1.66e-11	69.9	NZ_SGOJ01000001.1	NZ_SGOJ01000001.1 Klebsiella pneumoniae strain CR5 map unlocalized plasmid unnamed1 contig1, whole genome shotgun sequence
573.73033	573.73033|accn|JBCFZA010000002_1|accn|JBCFZA010000002_1:6;size=4	100.0	36	4.44e-12	71.9	NZ_SGOJ01000001.1	NZ_SGOJ01000001.1 Klebsiella pneumoniae strain CR5 map unlocalized plasmid unnamed1 contig1, whole genome shotgun sequence
573.73033	573.73033|accn|JBCFZA010000002_1|accn|JBCFZA010000002_1:7;size=4	100.0	36	4.44e-12	71.9	NZ_NBON01000047.1	NZ_NBON01000047.1 Klebsiella pneumoniae strain ARPG-380 map unlocalized plasmid unnamed1 contig47, whole genome shotgun sequence
573.73033	573.73033|accn|JBCFZA010000002_2|accn|JBCFZA010000002_2:1;size=1	100.0	39	8.33e-14	77.8	NZ_JBNGOD010000008.1	NZ_JBNGOD010000008.1 Klebsiella pneumoniae subsp. pneumoniae strain MDCL 36_2022 plasmid IncHI1B(pNDM-MAR), whole genome shotgun sequence
573.73033	573.73033|accn|JBCFZA010000002_2|accn|JBCFZA010000002_2:2;size=3	100.0	39	8.33e-14	77.8	NZ_JBNGOD010000008.1	NZ_JBNGOD010000008.1 Klebsiella pneumoniae subsp. pneumoniae strain MDCL 36_2022 plasmid IncHI1B(pNDM-MAR), whole genome shotgun sequence
573.73033	573.73033|accn|JBCFZA010000002_2|accn|JBCFZA010000002_2:3;size=1	100.0	38	3.14e-13	75.8	NZ_JBNGOD010000008.1	NZ_JBNGOD010000008.1 Klebsiella pneumoniae subsp. pneumoniae strain MDCL 36_2022 plasmid IncHI1B(pNDM-MAR), whole genome shotgun sequence
573.73033	573.73033|accn|JBCFZA010000002_2|accn|JBCFZA010000002_2:4;size=1	100.0	40	2.2e-14	79.8	NZ_JBNGOD010000008.1	NZ_JBNGOD010000008.1 Klebsiella pneumoniae subsp. pneumoniae strain MDCL 36_2022 plasmid IncHI1B(pNDM-MAR), whole genome shotgun sequence
573.73033	573.73033|accn|JBCFZA010000002_2|accn|JBCFZA010000002_2:8;size=1	100.0	38	3.14e-13	75.8	NZ_SGOJ01000001.1	NZ_SGOJ01000001.1 Klebsiella pneumoniae strain CR5 map unlocalized plasmid unnamed1 contig1, whole genome shotgun sequence
573.73499	573.73499|accn|JBCLVR010000024-1_1|accn|JBCLVR010000024-1_1:1;size=1	96.552	29	1.28e-05	50.1	NZ_JBRJPH010000003.1	NZ_JBRJPH010000003.1 Klebsiella aerogenes strain EB00136 plasmid p403_EB00136_3, whole genome shotgun sequence
573.77468	573.77468|accn|JBEQGY010000009_1|accn|JBEQGY010000009_1:14;size=3	100.0	38	3.14e-13	75.8	NZ_JBPSJV010000002.1	NZ_JBPSJV010000002.1 Klebsiella variicola strain 5-4756 plasmid p_contig2, whole genome shotgun sequence
573.77468	573.77468|accn|JBEQGY010000009_1|accn|JBEQGY010000009_1:16;size=3	100.0	37	1.18e-12	73.8	NZ_JBPSJV010000002.1	NZ_JBPSJV010000002.1 Klebsiella variicola strain 5-4756 plasmid p_contig2, whole genome shotgun sequence
573.77491	573.77491|accn|BAACAI010000002_2|accn|BAACAI010000002_2:6;size=1	100.0	33	2.31e-10	65.9	NZ_JBROXS010000005.1	NZ_JBROXS010000005.1 Klebsiella pneumoniae strain CRKP-C197 plasmid unnamed4, whole genome shotgun sequence
573.77692	573.77692|accn|JBFLJP010000012_1|accn|JBFLJP010000012_1:1;size=1	100.0	30	1.33e-08	60.0	NZ_JBQWSS010000002.1	NZ_JBQWSS010000002.1 Klebsiella michiganensis strain 23K892 plasmid p23K892_2, whole genome shotgun sequence
573.77692	573.77692|accn|JBFLJP010000012_1|accn|JBFLJP010000012_1:2;size=1	100.0	32	8.54e-10	63.9	NZ_JBSQHF010000002.1	NZ_JBSQHF010000002.1 Klebsiella pneumoniae strain L20 map unlocalized plasmid unnamed contig_3, whole genome shotgun sequence
573.77692	573.77692|accn|JBFLJP010000012_1|accn|JBFLJP010000012_1:3;size=1	100.0	32	8.54e-10	63.9	NZ_JBSPEX010000002.1	NZ_JBSPEX010000002.1 Enterobacter kobei strain 5FRT2 plasmid pT5FRT2, whole genome shotgun sequence
573.77709	573.77709|accn|JBFMJV010000002_1|accn|JBFMJV010000002_1:21;size=1	100.0	32	8.54e-10	63.9	NZ_JBSQHG010000002.1	NZ_JBSQHG010000002.1 Klebsiella grimontii strain L15 map unlocalized plasmid unnamed contig_2, whole genome shotgun sequence
573.77709	573.77709|accn|JBFMJV010000002_1|accn|JBFMJV010000002_1:28;size=1	100.0	32	8.54e-10	63.9	NZ_JBSQHF010000002.1	NZ_JBSQHF010000002.1 Klebsiella pneumoniae strain L20 map unlocalized plasmid unnamed contig_3, whole genome shotgun sequence
573.77709	573.77709|accn|JBFMJV010000002_1|accn|JBFMJV010000002_1:29;size=1	100.0	32	8.54e-10	63.9	NZ_JBSDWY010000004.1	NZ_JBSDWY010000004.1 Klebsiella quasipneumoniae strain 15AR2774 plasmid p15AR2774C, whole genome shotgun sequence
573.77709	573.77709|accn|JBFMJV010000002_1|accn|JBFMJV010000002_1:34;size=1	100.0	32	8.54e-10	63.9	NZ_JAMOLP010000004.1	NZ_JAMOLP010000004.1 Klebsiella pneumoniae strain Z0117KP0043 plasmid pZ0117KP0043-1, whole genome shotgun sequence
573.77709	573.77709|accn|JBFMJV010000002_1|accn|JBFMJV010000002_1:51;size=1	100.0	33	2.31e-10	65.9	NZ_JBSMIU010000004.1	NZ_JBSMIU010000004.1 Klebsiella quasivariicola strain SW-9 plasmid p3, whole genome shotgun sequence
573.77709	573.77709|accn|JBFMJV010000002_1|accn|JBFMJV010000002_1:57;size=1	100.0	28	2.08e-07	56.0	NZ_JAMOLP010000004.1	NZ_JAMOLP010000004.1 Klebsiella pneumoniae strain Z0117KP0043 plasmid pZ0117KP0043-1, whole genome shotgun sequence
573.78596	573.78596|accn|JBGMVN010000025_1|accn|JBGMVN010000025_1:10;size=1	85.87	92	7.66e-14	79.8	NZ_JBSJXU010000003.1	NZ_JBSJXU010000003.1 Enterococcus alishanensis strain JNUCC 77 plasmid unnamed2, whole genome shotgun sequence
573.78596	573.78596|accn|JBGMVN010000025_1|accn|JBGMVN010000025_1:14;size=2	88.525	61	6.34e-10	65.9	NZ_JBSJXU010000003.1	NZ_JBSJXU010000003.1 Enterococcus alishanensis strain JNUCC 77 plasmid unnamed2, whole genome shotgun sequence
573.78596	573.78596|accn|JBGMVN010000025_1|accn|JBGMVN010000025_1:1;size=1	88.679	53	1.33e-07	58.0	NZ_JACGYC010000002.1	NZ_JACGYC010000002.1 Staphylococcus aureus strain SA2028 map unlocalized plasmid unnamed NODE_2_length_578871_cov_33.101906, whole genome shotgun sequence
573.78596	573.78596|accn|JBGMVN010000025_1|accn|JBGMVN010000025_1:4;size=2	86.364	88	7.66e-14	79.8	NZ_JACGYC010000002.1	NZ_JACGYC010000002.1 Staphylococcus aureus strain SA2028 map unlocalized plasmid unnamed NODE_2_length_578871_cov_33.101906, whole genome shotgun sequence
573.78596	573.78596|accn|JBGMVN010000025_1|accn|JBGMVN010000025_1:6;size=1	86.25	80	1.45e-11	71.9	NZ_JBFRBT010000181.1	NZ_JBFRBT010000181.1 Staphylococcus aureus strain SA_D1S_OM_E map unlocalized plasmid unnamed2 k141_202, whole genome shotgun sequence
573.78596	573.78596|accn|JBGMVN010000025_1|accn|JBGMVN010000025_1:7;size=1	85.333	75	1.39e-08	61.9	NZ_JBSJXU010000003.1	NZ_JBSJXU010000003.1 Enterococcus alishanensis strain JNUCC 77 plasmid unnamed2, whole genome shotgun sequence
573.78596	573.78596|accn|JBGMVN010000025_1|accn|JBGMVN010000025_1:9;size=1	90.196	51	9.9e-09	61.9	NZ_JARYIA010000006.1	NZ_JARYIA010000006.1 Staphylococcus aureus strain GE-MSSA34 plasmid unnamed2, whole genome shotgun sequence
573.78726	573.78726|accn|JBGUDM010000043_1|accn|JBGUDM010000043_1:10;size=4	100.0	37	1.18e-12	73.8	NZ_JBSKBN010000002.1	NZ_JBSKBN010000002.1 Klebsiella pneumoniae strain RC_863 plasmid unnamed1, whole genome shotgun sequence
573.78726	573.78726|accn|JBGUDM010000043_1|accn|JBGUDM010000043_1:11;size=4	100.0	38	3.14e-13	75.8	NZ_JBSKBN010000002.1	NZ_JBSKBN010000002.1 Klebsiella pneumoniae strain RC_863 plasmid unnamed1, whole genome shotgun sequence
573.78726	573.78726|accn|JBGUDM010000043_1|accn|JBGUDM010000043_1:13;size=9	100.0	38	3.14e-13	75.8	NZ_JBSKBN010000002.1	NZ_JBSKBN010000002.1 Klebsiella pneumoniae strain RC_863 plasmid unnamed1, whole genome shotgun sequence
573.78726	573.78726|accn|JBGUDM010000043_1|accn|JBGUDM010000043_1:7;size=8	100.0	38	3.14e-13	75.8	NZ_JBSKBN010000002.1	NZ_JBSKBN010000002.1 Klebsiella pneumoniae strain RC_863 plasmid unnamed1, whole genome shotgun sequence
573.78726	573.78726|accn|JBGUDM010000043_1|accn|JBGUDM010000043_1:9;size=6	100.0	38	3.14e-13	75.8	NZ_JBSKBN010000002.1	NZ_JBSKBN010000002.1 Klebsiella pneumoniae strain RC_863 plasmid unnamed1, whole genome shotgun sequence
573.78824	573.78824|accn|JBHFNV010000068_1|accn|JBHFNV010000068_1:37;size=1	96.875	32	2.08e-07	56.0	NZ_JBRJRK010000003.1	NZ_JBRJRK010000003.1 Klebsiella oxytoca strain KLO00107 plasmid p416_KLO00107_3, whole genome shotgun sequence
573.78824	573.78824|accn|JBHFNV010000068_1|accn|JBHFNV010000068_1:38;size=1	100.0	31	3.37e-09	61.9	NZ_JAHBNL010000002.1	NZ_JAHBNL010000002.1 Klebsiella pneumoniae strain S9_CRE9 plasmid pCRE9_1, whole genome shotgun sequence
573.78824	573.78824|accn|JBHFNV010000068_1|accn|JBHFNV010000068_1:44;size=1	96.875	32	2.08e-07	56.0	NZ_JAMOLP010000004.1	NZ_JAMOLP010000004.1 Klebsiella pneumoniae strain Z0117KP0043 plasmid pZ0117KP0043-1, whole genome shotgun sequence
573.79227	573.79227|accn|JBDYPO010000004_2|accn|JBDYPO010000004_2:16;size=1	96.429	28	5.08e-05	48.1	NZ_RRNK01000052.1	NZ_RRNK01000052.1 Escherichia coli strain FWSEC0386 map unlocalized plasmid unnamed2 FWSEC0386_contig00033, whole genome shotgun sequence
573.79227	573.79227|accn|JBDYPO010000004_2|accn|JBDYPO010000004_2:26;size=1	100.0	32	8.54e-10	63.9	NZ_JBSMJB010000003.1	NZ_JBSMJB010000003.1 Klebsiella quasipneumoniae strain PS-11 plasmid p2, whole genome shotgun sequence
573.79248	573.79248|accn|JBDYSS010000025_1|accn|JBDYSS010000025_1:12;size=1	96.97	33	6.67e-08	58.0	NZ_JBRAWT010000002.1	NZ_JBRAWT010000002.1 Enterobacter roggenkampii strain 21AR0469 plasmid p21AR0469A, whole genome shotgun sequence
573.79248	573.79248|accn|JBDYSS010000025_1|accn|JBDYSS010000025_1:17;size=2	100.0	32	1.08e-09	63.9	NZ_JBSMIZ010000005.1	NZ_JBSMIZ010000005.1 Klebsiella pneumoniae strain PS-71 plasmid p4, whole genome shotgun sequence
573.79248	573.79248|accn|JBDYSS010000025_1|accn|JBDYSS010000025_1:18;size=1	100.0	33	2.74e-10	65.9	NZ_JBPFFV010000039.1	NZ_JBPFFV010000039.1 Klebsiella pneumoniae strain KP135 plasmid unnamed1, whole genome shotgun sequence
573.79248	573.79248|accn|JBDYSS010000025_1|accn|JBDYSS010000025_1:1;size=2	97.143	35	4.05e-09	61.9	NZ_NBON01000047.1	NZ_NBON01000047.1 Klebsiella pneumoniae strain ARPG-380 map unlocalized plasmid unnamed1 contig47, whole genome shotgun sequence
573.79248	573.79248|accn|JBDYSS010000025_1|accn|JBDYSS010000025_1:2;size=1	100.0	35	1.66e-11	69.9	NZ_NBON01000047.1	NZ_NBON01000047.1 Klebsiella pneumoniae strain ARPG-380 map unlocalized plasmid unnamed1 contig47, whole genome shotgun sequence
573.79274	573.79274|accn|JBINMM010000009_1|accn|JBINMM010000009_1:25;size=1	93.75	32	5.08e-05	48.1	NZ_JAMYDH010000375.1	NZ_JAMYDH010000375.1 Enterobacter asburiae strain ECL402 map unlocalized plasmid unnamed233 contig1586, whole genome shotgun sequence
573.79274	573.79274|accn|JBINMM010000009_1|accn|JBINMM010000009_1:2;size=2	96.154	26	0.000792	44.1	NZ_JAMOLP010000004.1	NZ_JAMOLP010000004.1 Klebsiella pneumoniae strain Z0117KP0043 plasmid pZ0117KP0043-1, whole genome shotgun sequence
573.79274	573.79274|accn|JBINMM010000009_1|accn|JBINMM010000009_1:32;size=1	100.0	32	8.54e-10	63.9	NZ_JBFCOO010000492.1	NZ_JBFCOO010000492.1 Enterobacter cloacae subsp. cloacae strain SDEclo754 plasmid p1_SDEclo754_OXA-181, whole genome shotgun sequence
573.79274	573.79274|accn|JBINMM010000009_1|accn|JBINMM010000009_1:39;size=1	96.154	26	0.000792	44.1	NZ_PEGZ01000005.1	NZ_PEGZ01000005.1 Serratia marcescens strain 14ES map unlocalized plasmid p14ES-226 tig00000470, whole genome shotgun sequence
573.79274	573.79274|accn|JBINMM010000009_1|accn|JBINMM010000009_1:3;size=1	100.0	32	8.54e-10	63.9	NZ_JBSQHF010000002.1	NZ_JBSQHF010000002.1 Klebsiella pneumoniae strain L20 map unlocalized plasmid unnamed contig_3, whole genome shotgun sequence
573.79274	573.79274|accn|JBINMM010000012_2|accn|JBINMM010000012_2:11;size=3	91.489	47	8.32e-09	61.9	NZ_JBSJXU010000003.1	NZ_JBSJXU010000003.1 Enterococcus alishanensis strain JNUCC 77 plasmid unnamed2, whole genome shotgun sequence
573.79274	573.79274|accn|JBINMM010000012_2|accn|JBINMM010000012_2:16;size=2	87.692	65	7.06e-10	65.9	NZ_JACGYD010000002.1	NZ_JACGYD010000002.1 Staphylococcus aureus strain SA2010 map unlocalized plasmid unnamed1 NODE_2_length_467021_cov_38.538977, whole genome shotgun sequence
573.79274	573.79274|accn|JBINMM010000012_2|accn|JBINMM010000012_2:18;size=4	91.489	47	8.32e-09	61.9	NZ_JBSJXU010000003.1	NZ_JBSJXU010000003.1 Enterococcus alishanensis strain JNUCC 77 plasmid unnamed2, whole genome shotgun sequence
573.79274	573.79274|accn|JBINMM010000012_2|accn|JBINMM010000012_2:22;size=1	91.837	49	4.47e-10	65.9	NZ_JBSJXU010000003.1	NZ_JBSJXU010000003.1 Enterococcus alishanensis strain JNUCC 77 plasmid unnamed2, whole genome shotgun sequence
573.79274	573.79274|accn|JBINMM010000012_2|accn|JBINMM010000012_2:35;size=1	89.583	48	4.3e-07	56.0	NZ_JBSJXU010000003.1	NZ_JBSJXU010000003.1 Enterococcus alishanensis strain JNUCC 77 plasmid unnamed2, whole genome shotgun sequence
573.79274	573.79274|accn|JBINMM010000012_2|accn|JBINMM010000012_2:3;size=2	88.462	104	2.7699999999999996e-23	111.0	NZ_JBSJXU010000003.1	NZ_JBSJXU010000003.1 Enterococcus alishanensis strain JNUCC 77 plasmid unnamed2, whole genome shotgun sequence
573.79274	573.79274|accn|JBINMM010000012_2|accn|JBINMM010000012_2:4;size=1	87.5	104	6.750000000000001e-21	103.0	NZ_JBSJXU010000003.1	NZ_JBSJXU010000003.1 Enterococcus alishanensis strain JNUCC 77 plasmid unnamed2, whole genome shotgun sequence
573.79274	573.79274|accn|JBINMM010000012_2|accn|JBINMM010000012_2:5;size=4	85.156	128	7.94e-21	103.0	NZ_JBSJXU010000003.1	NZ_JBSJXU010000003.1 Enterococcus alishanensis strain JNUCC 77 plasmid unnamed2, whole genome shotgun sequence
573.79283	573.79283|accn|JBINLA010000007_1|accn|JBINLA010000007_1:10;size=1	100.0	32	8.54e-10	63.9	NZ_JBRYYQ010000003.1	NZ_JBRYYQ010000003.1 Klebsiella pneumoniae strain MBI-24-2 plasmid pMBI24-2-1, whole genome shotgun sequence
573.79283	573.79283|accn|JBINLA010000007_1|accn|JBINLA010000007_1:4;size=1	100.0	32	8.54e-10	63.9	NZ_JBSQHF010000002.1	NZ_JBSQHF010000002.1 Klebsiella pneumoniae strain L20 map unlocalized plasmid unnamed contig_3, whole genome shotgun sequence
573.79283	573.79283|accn|JBINLA010000007_1|accn|JBINLA010000007_1:5;size=1	100.0	33	2.31e-10	65.9	NZ_JBSMIU010000002.1	NZ_JBSMIU010000002.1 Klebsiella quasivariicola strain SW-9 plasmid p1, whole genome shotgun sequence
573.79403	573.79403|accn|JBHOMB010000012_2|accn|JBHOMB010000012_2:10;size=1	90.141	71	9.47e-16	85.7	NZ_JBSJXU010000003.1	NZ_JBSJXU010000003.1 Enterococcus alishanensis strain JNUCC 77 plasmid unnamed2, whole genome shotgun sequence
573.79403	573.79403|accn|JBHOMB010000012_2|accn|JBHOMB010000012_2:11;size=1	91.935	62	3.01e-15	83.8	NZ_JARYIA010000006.1	NZ_JARYIA010000006.1 Staphylococcus aureus strain GE-MSSA34 plasmid unnamed2, whole genome shotgun sequence
573.79403	573.79403|accn|JBHOMB010000012_2|accn|JBHOMB010000012_2:1;size=4	88.462	78	4.85e-15	83.8	NZ_SDWQ01000010.1	NZ_SDWQ01000010.1 Staphylococcus aureus strain SCPM-O-B-8476 map unlocalized plasmid unnamed NODE_10_length_4097_cov_135.559446, whole genome shotgun sequence
573.79403	573.79403|accn|JBHOMB010000012_2|accn|JBHOMB010000012_2:23;size=1	88.235	68	1.42e-11	71.9	NZ_JBSJXU010000003.1	NZ_JBSJXU010000003.1 Enterococcus alishanensis strain JNUCC 77 plasmid unnamed2, whole genome shotgun sequence
573.79403	573.79403|accn|JBHOMB010000012_2|accn|JBHOMB010000012_2:2;size=1	86.735	98	2.14e-17	91.7	NZ_JACGYC010000002.1	NZ_JACGYC010000002.1 Staphylococcus aureus strain SA2028 map unlocalized plasmid unnamed NODE_2_length_578871_cov_33.101906, whole genome shotgun sequence
573.79403	573.79403|accn|JBHOMB010000012_2|accn|JBHOMB010000012_2:5;size=1	85.714	98	5.22e-15	83.8	NZ_JBFRBT010000181.1	NZ_JBFRBT010000181.1 Staphylococcus aureus strain SA_D1S_OM_E map unlocalized plasmid unnamed2 k141_202, whole genome shotgun sequence
573.79403	573.79403|accn|JBHOMB010000012_2|accn|JBHOMB010000012_2:6;size=4	85.714	119	2.67e-20	101.0	NZ_SDWQ01000010.1	NZ_SDWQ01000010.1 Staphylococcus aureus strain SCPM-O-B-8476 map unlocalized plasmid unnamed NODE_10_length_4097_cov_135.559446, whole genome shotgun sequence
573.79403	573.79403|accn|JBHOMB010000012_2|accn|JBHOMB010000012_2:7;size=3	86.325	117	1.7100000000000003e-21	105.0	NZ_JBSJXU010000003.1	NZ_JBSJXU010000003.1 Enterococcus alishanensis strain JNUCC 77 plasmid unnamed2, whole genome shotgun sequence
573.79403	573.79403|accn|JBHOMB010000012_2|accn|JBHOMB010000012_2:8;size=1	86.747	83	3.22e-13	77.8	NZ_JARYIE010000002.1	NZ_JARYIE010000002.1 Staphylococcus aureus strain GE-MRSA14 plasmid unnamed, whole genome shotgun sequence
573.79411	573.79411|accn|JBHOMJ010000003_1|accn|JBHOMJ010000003_1:14;size=1	100.0	32	8.54e-10	63.9	NZ_JBROXS010000005.1	NZ_JBROXS010000005.1 Klebsiella pneumoniae strain CRKP-C197 plasmid unnamed4, whole genome shotgun sequence
573.79411	573.79411|accn|JBHOMJ010000003_1|accn|JBHOMJ010000003_1:24;size=2	100.0	26	3.25e-06	52.0	NZ_JBPQZI010000005.1	NZ_JBPQZI010000005.1 Klebsiella quasipneumoniae subsp. similipneumoniae strain AC-2025 map unlocalized plasmid unnamed3 MEDLv-4023_AS2_SC25, whole genome shotgun sequence
573.79416	573.79416|accn|JBHOMN010000006_1|accn|JBHOMN010000006_1:8;size=1	100.0	32	8.54e-10	63.9	NZ_JAMOLP010000004.1	NZ_JAMOLP010000004.1 Klebsiella pneumoniae strain Z0117KP0043 plasmid pZ0117KP0043-1, whole genome shotgun sequence
573.81198	573.81198|accn|JBIXCB010000001_1|accn|JBIXCB010000001_1:1;size=1	100.0	32	8.54e-10	63.9	NZ_JBSQHF010000002.1	NZ_JBSQHF010000002.1 Klebsiella pneumoniae strain L20 map unlocalized plasmid unnamed contig_3, whole genome shotgun sequence
573.81211	573.81211|accn|JBIXDB010000001_1|accn|JBIXDB010000001_1:13;size=1	100.0	32	8.54e-10	63.9	NZ_JAMOLP010000004.1	NZ_JAMOLP010000004.1 Klebsiella pneumoniae strain Z0117KP0043 plasmid pZ0117KP0043-1, whole genome shotgun sequence
573.81211	573.81211|accn|JBIXDB010000001_1|accn|JBIXDB010000001_1:2;size=1	100.0	32	8.54e-10	63.9	NZ_JBSQHF010000002.1	NZ_JBSQHF010000002.1 Klebsiella pneumoniae strain L20 map unlocalized plasmid unnamed contig_3, whole genome shotgun sequence
573.81211	573.81211|accn|JBIXDB010000001_1|accn|JBIXDB010000001_1:3;size=1	100.0	32	8.54e-10	63.9	NZ_JBSQHF010000002.1	NZ_JBSQHF010000002.1 Klebsiella pneumoniae strain L20 map unlocalized plasmid unnamed contig_3, whole genome shotgun sequence
573.81211	573.81211|accn|JBIXDB010000001_1|accn|JBIXDB010000001_1:4;size=1	100.0	32	8.54e-10	63.9	NZ_JBSDWY010000004.1	NZ_JBSDWY010000004.1 Klebsiella quasipneumoniae strain 15AR2774 plasmid p15AR2774C, whole genome shotgun sequence
573.81675	573.81675|accn|JBKGQJ010000006_1|accn|JBKGQJ010000006_1:14;size=3	92.683	41	1.09e-07	58.0	NZ_JBSJXU010000003.1	NZ_JBSJXU010000003.1 Enterococcus alishanensis strain JNUCC 77 plasmid unnamed2, whole genome shotgun sequence
573.81675	573.81675|accn|JBKGQJ010000006_1|accn|JBKGQJ010000006_1:24;size=1	92.308	39	1.7e-06	54.0	NZ_JBSJXU010000003.1	NZ_JBSJXU010000003.1 Enterococcus alishanensis strain JNUCC 77 plasmid unnamed2, whole genome shotgun sequence
573.81675	573.81675|accn|JBKGQJ010000006_1|accn|JBKGQJ010000006_1:26;size=2	87.302	63	1.37e-08	61.9	NZ_JARYHX010000005.1	NZ_JARYHX010000005.1 Staphylococcus aureus strain GE-MSSA39 plasmid unnamed3, whole genome shotgun sequence
573.81675	573.81675|accn|JBKGQJ010000006_1|accn|JBKGQJ010000006_1:34;size=1	88.235	51	2.36e-06	54.0	NZ_JBSJXU010000003.1	NZ_JBSJXU010000003.1 Enterococcus alishanensis strain JNUCC 77 plasmid unnamed2, whole genome shotgun sequence
573.81675	573.81675|accn|JBKGQJ010000006_1|accn|JBKGQJ010000006_1:37;size=1	90.196	51	8.32e-09	61.9	NZ_JBSJXU010000003.1	NZ_JBSJXU010000003.1 Enterococcus alishanensis strain JNUCC 77 plasmid unnamed2, whole genome shotgun sequence
573.81675	573.81675|accn|JBKGQJ010000006_1|accn|JBKGQJ010000006_1:39;size=1	87.302	63	1.1e-08	61.9	NZ_JARYIA010000006.1	NZ_JARYIA010000006.1 Staphylococcus aureus strain GE-MSSA34 plasmid unnamed2, whole genome shotgun sequence
573.81683	573.81683|accn|JBKFZS010000002_1|accn|JBKFZS010000002_1:2;size=2	100.0	33	2.59e-10	65.9	NZ_JBSQHF010000002.1	NZ_JBSQHF010000002.1 Klebsiella pneumoniae strain L20 map unlocalized plasmid unnamed contig_3, whole genome shotgun sequence
573.81683	573.81683|accn|JBKFZS010000002_1|accn|JBKFZS010000002_1:3;size=4	100.0	33	2.88e-10	65.9	NZ_JBPSJV010000002.1	NZ_JBPSJV010000002.1 Klebsiella variicola strain 5-4756 plasmid p_contig2, whole genome shotgun sequence
573.81683	573.81683|accn|JBKFZS010000002_2|accn|JBKFZS010000002_2:3;size=1	100.0	33	2.59e-10	65.9	NZ_JBRTYI010000005.1	NZ_JBRTYI010000005.1 Klebsiella pneumoniae strain KP1 plasmid pKP1-pls4, whole genome shotgun sequence
573.81685	573.81685|accn|JBKFZV010000005_1|accn|JBKFZV010000005_1:33;size=2	100.0	33	2.31e-10	65.9	NZ_JBSSPQ010000003.1	NZ_JBSSPQ010000003.1 Shigella boydii strain FB321 plasmid pFB321b, whole genome shotgun sequence
573.81685	573.81685|accn|JBKFZV010000005_1|accn|JBKFZV010000005_1:37;size=2	100.0	33	2.31e-10	65.9	NZ_JBSMIZ010000002.1	NZ_JBSMIZ010000002.1 Klebsiella pneumoniae strain PS-71 plasmid p1, whole genome shotgun sequence
573.81685	573.81685|accn|JBKFZV010000005_1|accn|JBKFZV010000005_1:7;size=2	93.333	30	0.000845	44.1	NZ_JBRAWZ010000002.1	NZ_JBRAWZ010000002.1 Enterobacter kobei strain 23AR0093 plasmid p23AR0093A, whole genome shotgun sequence
573.81886	573.81886|accn|JBKOTL010000081_3|accn|JBKOTL010000081_3:2;size=1	100.0	56	1.03e-23	111.0	NZ_JBQZTT010000002.1	NZ_JBQZTT010000002.1 Klebsiella variicola strain Kv7 plasmid unnamed, whole genome shotgun sequence
573.83475	573.83475|accn|JBLAWS010000002_1|accn|JBLAWS010000002_1:9;size=1	100.0	32	8.54e-10	63.9	NZ_JBSQHF010000002.1	NZ_JBSQHF010000002.1 Klebsiella pneumoniae strain L20 map unlocalized plasmid unnamed contig_3, whole genome shotgun sequence
573.84204	573.84204|accn|JBLXUX010000004_1|accn|JBLXUX010000004_1:13;size=1	96.875	32	2.08e-07	56.0	NZ_JBSQHF010000002.1	NZ_JBSQHF010000002.1 Klebsiella pneumoniae strain L20 map unlocalized plasmid unnamed contig_3, whole genome shotgun sequence
573.84204	573.84204|accn|JBLXUX010000004_1|accn|JBLXUX010000004_1:16;size=1	100.0	32	8.54e-10	63.9	NZ_JASISD010000003.1	NZ_JASISD010000003.1 Klebsiella pneumoniae strain CS00367 plasmid p1_CS00367, whole genome shotgun sequence
573.84204	573.84204|accn|JBLXUX010000004_1|accn|JBLXUX010000004_1:23;size=1	100.0	32	8.54e-10	63.9	NZ_JBRAVK010000003.1	NZ_JBRAVK010000003.1 Klebsiella quasipneumoniae strain 24AR0184 plasmid p24AR0184B, whole genome shotgun sequence
573.84204	573.84204|accn|JBLXUX010000004_1|accn|JBLXUX010000004_1:9;size=1	100.0	31	3.37e-09	61.9	NZ_JBSQHF010000002.1	NZ_JBSQHF010000002.1 Klebsiella pneumoniae strain L20 map unlocalized plasmid unnamed contig_3, whole genome shotgun sequence
573.9771	573.9771|accn|NBOR01000049_1|accn|NBOR01000049_1:15;size=1	100.0	38	3.14e-13	75.8	NZ_NBOR01000049.1	NZ_NBOR01000049.1 Klebsiella pneumoniae strain ARP-664 map unlocalized plasmid unnamed9 contig49, whole genome shotgun sequence
573.9771	573.9771|accn|NBOR01000049_1|accn|NBOR01000049_1:16;size=1	100.0	37	1.18e-12	73.8	NZ_JBSKBN010000002.1	NZ_JBSKBN010000002.1 Klebsiella pneumoniae strain RC_863 plasmid unnamed1, whole genome shotgun sequence
573.9821	573.9821|accn|NGUA01000001_3|accn|NGUA01000001_3:2;size=5	96.97	33	7.38e-08	58.0	NZ_JAMOLP010000004.1	NZ_JAMOLP010000004.1 Klebsiella pneumoniae strain Z0117KP0043 plasmid pZ0117KP0043-1, whole genome shotgun sequence
573.9821	573.9821|accn|NGUA01000001_3|accn|NGUA01000001_3:6;size=8	100.0	33	3.03e-10	65.9	NZ_JBBPBW010000028.1	NZ_JBBPBW010000028.1 Klebsiella pneumoniae strain KPN_004 plasmid pIncFIB(K), whole genome shotgun sequence
573.9871	573.9871|accn|FWGT01000005_2|accn|FWGT01000005_2:10;size=1	100.0	33	2.31e-10	65.9	NZ_JBROXS010000002.1	NZ_JBROXS010000002.1 Klebsiella pneumoniae strain CRKP-C197 plasmid unnamed1, whole genome shotgun sequence
573.9871	573.9871|accn|FWGT01000005_2|accn|FWGT01000005_2:19;size=1	93.939	33	1.37e-05	50.1	NZ_JBRAVJ010000003.1	NZ_JBRAVJ010000003.1 Enterobacter cloacae strain 20AR0121 plasmid p20AR0121B, whole genome shotgun sequence
573.9911	573.9911|accn|FWIQ01000013-1_1|accn|FWIQ01000013-1_1:2;size=10	100.0	41	5.82e-15	81.8	NZ_NTGK01000110.1	NZ_NTGK01000110.1 Klebsiella pneumoniae strain B04 map unlocalized plasmid pB04 P51, whole genome shotgun sequence
573.9911	573.9911|accn|FWIQ01000013-1_1|accn|FWIQ01000013-1_1:6;size=9	100.0	40	2.2e-14	79.8	NZ_JBRTYH010000002.1	NZ_JBRTYH010000002.1 Klebsiella pneumoniae strain KP6 plasmid pKP6-pls1, whole genome shotgun sequence
573.9914	573.9914|accn|FWIM01000011_1|accn|FWIM01000011_1:11;size=2	100.0	38	3.14e-13	75.8	NZ_JBRYYQ010000003.1	NZ_JBRYYQ010000003.1 Klebsiella pneumoniae strain MBI-24-2 plasmid pMBI24-2-1, whole genome shotgun sequence
573.9914	573.9914|accn|FWIM01000011_1|accn|FWIM01000011_1:14;size=6	100.0	45	2.69e-17	89.7	NZ_JBRYHH010000001.1	NZ_JBRYHH010000001.1 Klebsiella pneumoniae strain KP4 plasmid pKP4_p1, whole genome shotgun sequence
573.9914	573.9914|accn|FWIM01000011_1|accn|FWIM01000011_1:18;size=5	100.0	38	3.14e-13	75.8	NZ_JBRYYQ010000003.1	NZ_JBRYYQ010000003.1 Klebsiella pneumoniae strain MBI-24-2 plasmid pMBI24-2-1, whole genome shotgun sequence
573.9914	573.9914|accn|FWIM01000011_1|accn|FWIM01000011_1:21;size=5	100.0	43	3.88e-16	85.7	NZ_JBRYHH010000001.1	NZ_JBRYHH010000001.1 Klebsiella pneumoniae strain KP4 plasmid pKP4_p1, whole genome shotgun sequence
573.9914	573.9914|accn|FWIM01000011_1|accn|FWIM01000011_1:5;size=5	100.0	42	1.47e-15	83.8	NZ_JBRYHH010000001.1	NZ_JBRYHH010000001.1 Klebsiella pneumoniae strain KP4 plasmid pKP4_p1, whole genome shotgun sequence
573.9914	573.9914|accn|FWIM01000011_1|accn|FWIM01000011_1:7;size=6	100.0	43	3.88e-16	85.7	NZ_JBSKBN010000002.1	NZ_JBSKBN010000002.1 Klebsiella pneumoniae strain RC_863 plasmid unnamed1, whole genome shotgun sequence
573.9964	573.9964|accn|FWKS01000005_1|accn|FWKS01000005_1:25;size=1	96.154	26	0.000792	44.1	NZ_RRJA01000147.1	NZ_RRJA01000147.1 Escherichia coli strain FWSEC0258 map unlocalized plasmid unnamed5 FWSEC0258_contig00007, whole genome shotgun sequence
573.9964	573.9964|accn|FWKS01000005_1|accn|FWKS01000005_1:5;size=1	100.0	26	3.25e-06	52.0	NZ_JAAALJ010000005.1	NZ_JAAALJ010000005.1 Escherichia coli strain FHI_NMBU_08 plasmid pFHI_NMBU_08_1, whole genome shotgun sequence
